id,lang,pecha name,url
I5D6FF186,en,Adeu Rinpoche Series,https://github.com/OpenPecha-Data/I5D6FF186
I8FBA6FFA,bo,Adeu Rinpoche Series,https://github.com/OpenPecha-Data/I8FBA6FFA
IAB7CA287,en,Adzom Drukpa Series,https://github.com/OpenPecha-Data/IAB7CA287
I33981E88,bo,Adzom Drukpa Series,https://github.com/OpenPecha-Data/I33981E88
I7D921049,en,Adzom Gyalse Series,https://github.com/OpenPecha-Data/I7D921049
I480EF08F,es,Adzom Gyalse Series,https://github.com/OpenPecha-Data/I480EF08F
I3B477F43,bo,Adzom Gyalse Series,https://github.com/OpenPecha-Data/I3B477F43
I2DA408D9,en,Akhyuk Rinpoche Lungtok Gyaltsen,https://github.com/OpenPecha-Data/I2DA408D9
I88382D8F,bo,Akhyuk Rinpoche Lungtok Gyaltsen,https://github.com/OpenPecha-Data/I88382D8F
IA2E0A866,en,Alak Zenkar Pema Ngödrup Rolwe Dorje,https://github.com/OpenPecha-Data/IA2E0A866
IF44C47B4,bo,Alak Zenkar Pema Ngödrup Rolwe Dorje,https://github.com/OpenPecha-Data/IF44C47B4
I2A978499,en,Alak Zenkar Rinpoche,https://github.com/OpenPecha-Data/I2A978499
I96E41A09,de,Alak Zenkar Rinpoche,https://github.com/OpenPecha-Data/I96E41A09
IA8A05250,es,Alak Zenkar Rinpoche,https://github.com/OpenPecha-Data/IA8A05250
I809FC1AD,fr,Alak Zenkar Rinpoche,https://github.com/OpenPecha-Data/I809FC1AD
I03D09519,it,Alak Zenkar Rinpoche,https://github.com/OpenPecha-Data/I03D09519
I1A692DB0,nl,Alak Zenkar Rinpoche,https://github.com/OpenPecha-Data/I1A692DB0
IBAB6DC35,pt,Alak Zenkar Rinpoche,https://github.com/OpenPecha-Data/IBAB6DC35
I6FC4609A,zh,Alak Zenkar Rinpoche,https://github.com/OpenPecha-Data/I6FC4609A
IB24AF817,bo,Alak Zenkar Rinpoche,https://github.com/OpenPecha-Data/IB24AF817
IE53527A1,en,Amdo Geshe Jampal Rolwé Lodrö,https://github.com/OpenPecha-Data/IE53527A1
I5548DF34,bo,Amdo Geshe Jampal Rolwé Lodrö,https://github.com/OpenPecha-Data/I5548DF34
I7E7413BF,en,Apang Tertön Series,https://github.com/OpenPecha-Data/I7E7413BF
ICD99944C,bo,Apang Tertön Series,https://github.com/OpenPecha-Data/ICD99944C
I544E235C,en,Bengar Jampal Zangpo,https://github.com/OpenPecha-Data/I544E235C
IBBDCCFBA,bo,Bengar Jampal Zangpo,https://github.com/OpenPecha-Data/IBBDCCFBA
IB30BBEF0,en,Böpa Tulku Dongak Tenpe Nyima,https://github.com/OpenPecha-Data/IB30BBEF0
IA8367CB3,bo,Böpa Tulku Dongak Tenpe Nyima,https://github.com/OpenPecha-Data/IA8367CB3
I01D56ED2,en,Butön Rinchen Drup Series,https://github.com/OpenPecha-Data/I01D56ED2
I2341447E,it,Butön Rinchen Drup Series,https://github.com/OpenPecha-Data/I2341447E
I9334A77B,bo,Butön Rinchen Drup Series,https://github.com/OpenPecha-Data/I9334A77B
I7491454A,en,Chatral Rinpoche,https://github.com/OpenPecha-Data/I7491454A
IA4F7740F,de,Chatral Rinpoche,https://github.com/OpenPecha-Data/IA4F7740F
I2714BD14,es,Chatral Rinpoche,https://github.com/OpenPecha-Data/I2714BD14
ICBB6B699,fr,Chatral Rinpoche,https://github.com/OpenPecha-Data/ICBB6B699
I051BA4A1,it,Chatral Rinpoche,https://github.com/OpenPecha-Data/I051BA4A1
IEC003744,pt,Chatral Rinpoche,https://github.com/OpenPecha-Data/IEC003744
I17378CBB,zh,Chatral Rinpoche,https://github.com/OpenPecha-Data/I17378CBB
I38D61D91,bo,Chatral Rinpoche,https://github.com/OpenPecha-Data/I38D61D91
I51041ADA,en,Chögyal Pakpa Lodrö Gyaltsen,https://github.com/OpenPecha-Data/I51041ADA
I5E88FCE5,fr,Chögyal Pakpa Lodrö Gyaltsen,https://github.com/OpenPecha-Data/I5E88FCE5
IDB99FE99,bo,Chögyal Pakpa Lodrö Gyaltsen,https://github.com/OpenPecha-Data/IDB99FE99
IFA11FBD5,en,Chöje Lingpa Series,https://github.com/OpenPecha-Data/IFA11FBD5
I71257521,bo,Chöje Lingpa Series,https://github.com/OpenPecha-Data/I71257521
I94468389,en,Chokgyur Dechen Lingpa,https://github.com/OpenPecha-Data/I94468389
I333135C7,de,Chokgyur Dechen Lingpa,https://github.com/OpenPecha-Data/I333135C7
I1CFA6EB5,es,Chokgyur Dechen Lingpa,https://github.com/OpenPecha-Data/I1CFA6EB5
I431D4AC4,fr,Chokgyur Dechen Lingpa,https://github.com/OpenPecha-Data/I431D4AC4
IF33A0D32,it,Chokgyur Dechen Lingpa,https://github.com/OpenPecha-Data/IF33A0D32
I678B7104,nl,Chokgyur Dechen Lingpa,https://github.com/OpenPecha-Data/I678B7104
IF0492F4D,pt,Chokgyur Dechen Lingpa,https://github.com/OpenPecha-Data/IF0492F4D
I8F044EAE,zh,Chokgyur Dechen Lingpa,https://github.com/OpenPecha-Data/I8F044EAE
I0AB7F753,bo,Chokgyur Dechen Lingpa,https://github.com/OpenPecha-Data/I0AB7F753
I7B42478B,en,Chokling Tersé Tulku,https://github.com/OpenPecha-Data/I7B42478B
I06240925,bo,Chokling Tersé Tulku,https://github.com/OpenPecha-Data/I06240925
IFCD77817,en,Ngöndro Commentary by Chökyi Drakpa,https://github.com/OpenPecha-Data/IFCD77817
I399972B3,es,Ngöndro Commentary by Chökyi Drakpa,https://github.com/OpenPecha-Data/I399972B3
ID35DD891,fr,Ngöndro Commentary by Chökyi Drakpa,https://github.com/OpenPecha-Data/ID35DD891
IBBAA45BA,bo,Ngöndro Commentary by Chökyi Drakpa,https://github.com/OpenPecha-Data/IBBAA45BA
IFFBAADFF,en,Chomden Rigpé Raldri,https://github.com/OpenPecha-Data/IFFBAADFF
IAA9C309A,fr,Chomden Rigpé Raldri,https://github.com/OpenPecha-Data/IAA9C309A
I8E00FE78,bo,Chomden Rigpé Raldri,https://github.com/OpenPecha-Data/I8E00FE78
I49C51117,en,Chöying Tobden Dorje,https://github.com/OpenPecha-Data/I49C51117
IEA978EEF,bo,Chöying Tobden Dorje,https://github.com/OpenPecha-Data/IEA978EEF
IDD60A07D,en,Dampa Rinpoche Ngawang Lodrö Nyingpo,https://github.com/OpenPecha-Data/IDD60A07D
I4966B8BE,bo,Dampa Rinpoche Ngawang Lodrö Nyingpo,https://github.com/OpenPecha-Data/I4966B8BE
IAF8BEBB2,en,Dezhung Rinpoche Series,https://github.com/OpenPecha-Data/IAF8BEBB2
IA1A0A007,bo,Dezhung Rinpoche Series,https://github.com/OpenPecha-Data/IA1A0A007
I0ECEED34,en,Dilgo Khyentse Rinpoche Series,https://github.com/OpenPecha-Data/I0ECEED34
I3FB49B0F,de,Dilgo Khyentse Rinpoche Series,https://github.com/OpenPecha-Data/I3FB49B0F
IB24D8BEF,es,Dilgo Khyentse Rinpoche Series,https://github.com/OpenPecha-Data/IB24D8BEF
I440468C3,fr,Dilgo Khyentse Rinpoche Series,https://github.com/OpenPecha-Data/I440468C3
I7DD1DA1D,it,Dilgo Khyentse Rinpoche Series,https://github.com/OpenPecha-Data/I7DD1DA1D
I5BA3C17B,nl,Dilgo Khyentse Rinpoche Series,https://github.com/OpenPecha-Data/I5BA3C17B
IF73CCFDD,pt,Dilgo Khyentse Rinpoche Series,https://github.com/OpenPecha-Data/IF73CCFDD
IF8841CCF,zh,Dilgo Khyentse Rinpoche Series,https://github.com/OpenPecha-Data/IF8841CCF
IFE6FE4FF,bo,Dilgo Khyentse Rinpoche Series,https://github.com/OpenPecha-Data/IFE6FE4FF
I16A9EA0C,en,Do Khyentse Yeshe Dorje Series,https://github.com/OpenPecha-Data/I16A9EA0C
I7064286B,de,Do Khyentse Yeshe Dorje Series,https://github.com/OpenPecha-Data/I7064286B
I3F3814CD,es,Do Khyentse Yeshe Dorje Series,https://github.com/OpenPecha-Data/I3F3814CD
IC62F555B,fr,Do Khyentse Yeshe Dorje Series,https://github.com/OpenPecha-Data/IC62F555B
I71646354,it,Do Khyentse Yeshe Dorje Series,https://github.com/OpenPecha-Data/I71646354
I0A6B09E9,nl,Do Khyentse Yeshe Dorje Series,https://github.com/OpenPecha-Data/I0A6B09E9
IEC93559C,zh,Do Khyentse Yeshe Dorje Series,https://github.com/OpenPecha-Data/IEC93559C
I0C150115,bo,Do Khyentse Yeshe Dorje Series,https://github.com/OpenPecha-Data/I0C150115
I050C6C73,en,Dodrupchen Jigme Tenpe Nyima Series,https://github.com/OpenPecha-Data/I050C6C73
IDFE147D3,de,Dodrupchen Jigme Tenpe Nyima Series,https://github.com/OpenPecha-Data/IDFE147D3
I4B2E1A62,es,Dodrupchen Jigme Tenpe Nyima Series,https://github.com/OpenPecha-Data/I4B2E1A62
I9E70000D,fr,Dodrupchen Jigme Tenpe Nyima Series,https://github.com/OpenPecha-Data/I9E70000D
IFDA749BF,it,Dodrupchen Jigme Tenpe Nyima Series,https://github.com/OpenPecha-Data/IFDA749BF
IC6DA4336,pt,Dodrupchen Jigme Tenpe Nyima Series,https://github.com/OpenPecha-Data/IC6DA4336
IA919FF55,zh,Dodrupchen Jigme Tenpe Nyima Series,https://github.com/OpenPecha-Data/IA919FF55
IAF313EDC,bo,Dodrupchen Jigme Tenpe Nyima Series,https://github.com/OpenPecha-Data/IAF313EDC
IEBCE4968,en,Dodrupchen Jigme Trinle Özer Series,https://github.com/OpenPecha-Data/IEBCE4968
I4CB89D99,de,Dodrupchen Jigme Trinle Özer Series,https://github.com/OpenPecha-Data/I4CB89D99
I03E1C4AB,es,Dodrupchen Jigme Trinle Özer Series,https://github.com/OpenPecha-Data/I03E1C4AB
I67472682,fr,Dodrupchen Jigme Trinle Özer Series,https://github.com/OpenPecha-Data/I67472682
I92C1A45A,zh,Dodrupchen Jigme Trinle Özer Series,https://github.com/OpenPecha-Data/I92C1A45A
I76B5AE5A,bo,Dodrupchen Jigme Trinle Özer Series,https://github.com/OpenPecha-Data/I76B5AE5A
IBF9DD135,en,Dola Jigme Kalzang Series,https://github.com/OpenPecha-Data/IBF9DD135
I4A435836,bo,Dola Jigme Kalzang Series,https://github.com/OpenPecha-Data/I4A435836
I10EE648D,en,Dolpopa Sherab Gyaltsen,https://github.com/OpenPecha-Data/I10EE648D
I19636597,bo,Dolpopa Sherab Gyaltsen,https://github.com/OpenPecha-Data/I19636597
I646369DA,en,Dongak Chökyi Gyatso,https://github.com/OpenPecha-Data/I646369DA
I5BBBC156,zh,Dongak Chökyi Gyatso,https://github.com/OpenPecha-Data/I5BBBC156
I91B91D05,bo,Dongak Chökyi Gyatso,https://github.com/OpenPecha-Data/I91B91D05
IEE9AE36E,en,Dorje Dechen Lingpa Series,https://github.com/OpenPecha-Data/IEE9AE36E
I9B64A148,bo,Dorje Dechen Lingpa Series,https://github.com/OpenPecha-Data/I9B64A148
I0E430CA0,en,Drakkar Lobzang Palden,https://github.com/OpenPecha-Data/I0E430CA0
I376F7A20,bo,Drakkar Lobzang Palden,https://github.com/OpenPecha-Data/I376F7A20
ID8DEBEDD,en,Drikung Kyobpa Jikten Sumgön,https://github.com/OpenPecha-Data/ID8DEBEDD
I7B6B8B3B,de,Drikung Kyobpa Jikten Sumgön,https://github.com/OpenPecha-Data/I7B6B8B3B
I8BBB805A,bo,Drikung Kyobpa Jikten Sumgön,https://github.com/OpenPecha-Data/I8BBB805A
I3BD180EF,en,Drikung Tertön Ösel Dorje,https://github.com/OpenPecha-Data/I3BD180EF
IF0D8C5DB,bo,Drikung Tertön Ösel Dorje,https://github.com/OpenPecha-Data/IF0D8C5DB
I2BCFB170,en,Drimé Ösal Lingpa Series,https://github.com/OpenPecha-Data/I2BCFB170
IFF5540FA,de,Drimé Ösal Lingpa Series,https://github.com/OpenPecha-Data/IFF5540FA
I334636AA,es,Drimé Ösal Lingpa Series,https://github.com/OpenPecha-Data/I334636AA
I41DB3BBB,fr,Drimé Ösal Lingpa Series,https://github.com/OpenPecha-Data/I41DB3BBB
I178E77F5,bo,Drimé Ösal Lingpa Series,https://github.com/OpenPecha-Data/I178E77F5
I0781CCB8,en,Drukpa Kunley Series,https://github.com/OpenPecha-Data/I0781CCB8
I4364458B,bo,Drukpa Kunley Series,https://github.com/OpenPecha-Data/I4364458B
I9BB5A4CD,en,Dudjom Lingpa Series,https://github.com/OpenPecha-Data/I9BB5A4CD
I7A7D1B33,de,Dudjom Lingpa Series,https://github.com/OpenPecha-Data/I7A7D1B33
I6E0C94CD,es,Dudjom Lingpa Series,https://github.com/OpenPecha-Data/I6E0C94CD
I3F78202F,fr,Dudjom Lingpa Series,https://github.com/OpenPecha-Data/I3F78202F
IE0D760BB,nl,Dudjom Lingpa Series,https://github.com/OpenPecha-Data/IE0D760BB
I6DE8EFBD,bo,Dudjom Lingpa Series,https://github.com/OpenPecha-Data/I6DE8EFBD
I7753D8A3,en,Dudjom Rinpoche Series,https://github.com/OpenPecha-Data/I7753D8A3
ICF4C97B4,de,Dudjom Rinpoche Series,https://github.com/OpenPecha-Data/ICF4C97B4
IA78FFC6E,es,Dudjom Rinpoche Series,https://github.com/OpenPecha-Data/IA78FFC6E
IEE36EA6D,fr,Dudjom Rinpoche Series,https://github.com/OpenPecha-Data/IEE36EA6D
I8FCD6B3D,nl,Dudjom Rinpoche Series,https://github.com/OpenPecha-Data/I8FCD6B3D
I8EF37C92,pt,Dudjom Rinpoche Series,https://github.com/OpenPecha-Data/I8EF37C92
I348B4F33,zh,Dudjom Rinpoche Series,https://github.com/OpenPecha-Data/I348B4F33
I3AA33E32,bo,Dudjom Rinpoche Series,https://github.com/OpenPecha-Data/I3AA33E32
IFEB70133,en,Dzogchen Pema Rigdzin Series,https://github.com/OpenPecha-Data/IFEB70133
IF41A4501,zh,Dzogchen Pema Rigdzin Series,https://github.com/OpenPecha-Data/IF41A4501
I907515D0,bo,Dzogchen Pema Rigdzin Series,https://github.com/OpenPecha-Data/I907515D0
IE756469E,en,Dzong-ngön Pema Tukchok Dorje,https://github.com/OpenPecha-Data/IE756469E
I78BA47BF,bo,Dzong-ngön Pema Tukchok Dorje,https://github.com/OpenPecha-Data/I78BA47BF
IB51F5AF6,en,Dzongter Kunzang Nyima,https://github.com/OpenPecha-Data/IB51F5AF6
IE54F241E,bo,Dzongter Kunzang Nyima,https://github.com/OpenPecha-Data/IE54F241E
I50064386,en,Fifteenth Karmapa Series,https://github.com/OpenPecha-Data/I50064386
IC1DA4140,fr,Fifteenth Karmapa Series,https://github.com/OpenPecha-Data/IC1DA4140
IEEAE080E,pt,Fifteenth Karmapa Series,https://github.com/OpenPecha-Data/IEEAE080E
I7B52E442,bo,Fifteenth Karmapa Series,https://github.com/OpenPecha-Data/I7B52E442
I68F62FB1,en,Fifth Dalai Lama Series,https://github.com/OpenPecha-Data/I68F62FB1
I23EBC536,bo,Fifth Dalai Lama Series,https://github.com/OpenPecha-Data/I23EBC536
IADC12493,en,Fifth Dodrupchen Rinpoche Series,https://github.com/OpenPecha-Data/IADC12493
I070D09F9,bo,Fifth Dodrupchen Rinpoche Series,https://github.com/OpenPecha-Data/I070D09F9
I4589D10B,en,Fifth Dzogchen Rinpoche,https://github.com/OpenPecha-Data/I4589D10B
I79713A47,bo,Fifth Dzogchen Rinpoche,https://github.com/OpenPecha-Data/I79713A47
I124DF1D6,en,Fifth Shamarpa,https://github.com/OpenPecha-Data/I124DF1D6
I2535DFA7,bo,Fifth Shamarpa,https://github.com/OpenPecha-Data/I2535DFA7
I889C28B4,en,Fourteenth Dalai Lama Series,https://github.com/OpenPecha-Data/I889C28B4
I2141BAE0,de,Fourteenth Dalai Lama Series,https://github.com/OpenPecha-Data/I2141BAE0
I110E23B2,es,Fourteenth Dalai Lama Series,https://github.com/OpenPecha-Data/I110E23B2
I3EE0DAE3,fr,Fourteenth Dalai Lama Series,https://github.com/OpenPecha-Data/I3EE0DAE3
IDE8D3B45,it,Fourteenth Dalai Lama Series,https://github.com/OpenPecha-Data/IDE8D3B45
I0EA8FEA0,nl,Fourteenth Dalai Lama Series,https://github.com/OpenPecha-Data/I0EA8FEA0
IA0F524AD,bo,Fourteenth Dalai Lama Series,https://github.com/OpenPecha-Data/IA0F524AD
I9088DA5C,en,Fourteenth Karmapa Series,https://github.com/OpenPecha-Data/I9088DA5C
I939744EB,bo,Fourteenth Karmapa Series,https://github.com/OpenPecha-Data/I939744EB
ICCAF4ED0,en,Fourth Dodrupchen Rinpoche Series,https://github.com/OpenPecha-Data/ICCAF4ED0
I3C99349A,de,Fourth Dodrupchen Rinpoche Series,https://github.com/OpenPecha-Data/I3C99349A
IA5DDA400,fr,Fourth Dodrupchen Rinpoche Series,https://github.com/OpenPecha-Data/IA5DDA400
I8DD8A3E1,zh,Fourth Dodrupchen Rinpoche Series,https://github.com/OpenPecha-Data/I8DD8A3E1
IF7F7DFBC,bo,Fourth Dodrupchen Rinpoche Series,https://github.com/OpenPecha-Data/IF7F7DFBC
I65653A8E,en,Fourth Dodrupchen Rinpoche, Jalü Dorje,https://github.com/OpenPecha-Data/I65653A8E
IC0687186,zh,Fourth Dodrupchen Rinpoche, Jalü Dorje,https://github.com/OpenPecha-Data/IC0687186
I36C3B78E,bo,Fourth Dodrupchen Rinpoche, Jalü Dorje,https://github.com/OpenPecha-Data/I36C3B78E
I96EE1DC4,en,Ga Rabjampa Kunga Yeshe,https://github.com/OpenPecha-Data/I96EE1DC4
IC390F41F,bo,Ga Rabjampa Kunga Yeshe,https://github.com/OpenPecha-Data/IC390F41F
IA9DD6B11,en,Gampopa Series,https://github.com/OpenPecha-Data/IA9DD6B11
I471EB96E,pt,Gampopa Series,https://github.com/OpenPecha-Data/I471EB96E
I455C185E,bo,Gampopa Series,https://github.com/OpenPecha-Data/I455C185E
I51BF9BAA,en,Garwang Chökyi Gyaltsen,https://github.com/OpenPecha-Data/I51BF9BAA
IDD9F4474,bo,Garwang Chökyi Gyaltsen,https://github.com/OpenPecha-Data/IDD9F4474
I12BB1F1B,en,Gatön Ngawang Lekpa Series,https://github.com/OpenPecha-Data/I12BB1F1B
IB4D1D137,bo,Gatön Ngawang Lekpa Series,https://github.com/OpenPecha-Data/IB4D1D137
ID4A1D9E9,en,Geshe Chekhawa Yeshe Dorje,https://github.com/OpenPecha-Data/ID4A1D9E9
I61B77F37,pt,Geshe Chekhawa Yeshe Dorje,https://github.com/OpenPecha-Data/I61B77F37
IA3D4FD90,bo,Geshe Chekhawa Yeshe Dorje,https://github.com/OpenPecha-Data/IA3D4FD90
I48FD7877,en,Geshe Langri Thangpa Series,https://github.com/OpenPecha-Data/I48FD7877
IE5247A6B,es,Geshe Langri Thangpa Series,https://github.com/OpenPecha-Data/IE5247A6B
IF8643146,fr,Geshe Langri Thangpa Series,https://github.com/OpenPecha-Data/IF8643146
IF30424F8,pt,Geshe Langri Thangpa Series,https://github.com/OpenPecha-Data/IF30424F8
I737AD83D,bo,Geshe Langri Thangpa Series,https://github.com/OpenPecha-Data/I737AD83D
I544C5CA2,en,Getse Mahāpaṇḍita Series,https://github.com/OpenPecha-Data/I544C5CA2
I2E90C149,bo,Getse Mahāpaṇḍita Series,https://github.com/OpenPecha-Data/I2E90C149
I5F8D0D4D,en,Gompa Tsultrim Nyingpo Series,https://github.com/OpenPecha-Data/I5F8D0D4D
IFE373C9B,bo,Gompa Tsultrim Nyingpo Series,https://github.com/OpenPecha-Data/IFE373C9B
I70535D0B,en,Gönpo Tseten Rinpoche Series,https://github.com/OpenPecha-Data/I70535D0B
I8483CC47,bo,Gönpo Tseten Rinpoche Series,https://github.com/OpenPecha-Data/I8483CC47
ID7DB2370,en,Gorampa Sonam Senge,https://github.com/OpenPecha-Data/ID7DB2370
ID0C53BF1,bo,Gorampa Sonam Senge,https://github.com/OpenPecha-Data/ID0C53BF1
IA244069B,en,Götsangpa Gönpo Dorje,https://github.com/OpenPecha-Data/IA244069B
I0A5F51E1,bo,Götsangpa Gönpo Dorje,https://github.com/OpenPecha-Data/I0A5F51E1
I0370537B,en,Guru Chökyi Wangchuk,https://github.com/OpenPecha-Data/I0370537B
I11D99503,de,Guru Chökyi Wangchuk,https://github.com/OpenPecha-Data/I11D99503
IF2C2A03E,es,Guru Chökyi Wangchuk,https://github.com/OpenPecha-Data/IF2C2A03E
I8D86F9FF,fr,Guru Chökyi Wangchuk,https://github.com/OpenPecha-Data/I8D86F9FF
I1C8FE8B6,zh,Guru Chökyi Wangchuk,https://github.com/OpenPecha-Data/I1C8FE8B6
I92B96885,bo,Guru Chökyi Wangchuk,https://github.com/OpenPecha-Data/I92B96885
IB0BA10BA,en,Gyalse Shenpen Thaye Series,https://github.com/OpenPecha-Data/IB0BA10BA
ICA1968D7,es,Gyalse Shenpen Thaye Series,https://github.com/OpenPecha-Data/ICA1968D7
I614A4BC2,pt,Gyalse Shenpen Thaye Series,https://github.com/OpenPecha-Data/I614A4BC2
I4CEFFAAC,zh,Gyalse Shenpen Thaye Series,https://github.com/OpenPecha-Data/I4CEFFAAC
IDBBB1A17,bo,Gyalse Shenpen Thaye Series,https://github.com/OpenPecha-Data/IDBBB1A17
IBB82C75F,en,Gyalse Tokme Zangpo,https://github.com/OpenPecha-Data/IBB82C75F
ICE34817B,de,Gyalse Tokme Zangpo,https://github.com/OpenPecha-Data/ICE34817B
I04466173,es,Gyalse Tokme Zangpo,https://github.com/OpenPecha-Data/I04466173
I44474999,fr,Gyalse Tokme Zangpo,https://github.com/OpenPecha-Data/I44474999
I03877586,pt,Gyalse Tokme Zangpo,https://github.com/OpenPecha-Data/I03877586
I4B94289E,zh,Gyalse Tokme Zangpo,https://github.com/OpenPecha-Data/I4B94289E
I68277C19,bo,Gyalse Tokme Zangpo,https://github.com/OpenPecha-Data/I68277C19
I6E0553C3,en,Gyalwa Yangönpa,https://github.com/OpenPecha-Data/I6E0553C3
I27C8EE9F,bo,Gyalwa Yangönpa,https://github.com/OpenPecha-Data/I27C8EE9F
IA5D0C69D,en,Gyarong Khandro Series,https://github.com/OpenPecha-Data/IA5D0C69D
IF8B8DB0D,bo,Gyarong Khandro Series,https://github.com/OpenPecha-Data/IF8B8DB0D
ICF007F22,en,Jamgön Kongtrul Lodrö Thaye Series,https://github.com/OpenPecha-Data/ICF007F22
ICEDBC96E,de,Jamgön Kongtrul Lodrö Thaye Series,https://github.com/OpenPecha-Data/ICEDBC96E
IA59B9AEF,es,Jamgön Kongtrul Lodrö Thaye Series,https://github.com/OpenPecha-Data/IA59B9AEF
IF441FF44,fr,Jamgön Kongtrul Lodrö Thaye Series,https://github.com/OpenPecha-Data/IF441FF44
I63CC1B3A,pt,Jamgön Kongtrul Lodrö Thaye Series,https://github.com/OpenPecha-Data/I63CC1B3A
IC6CECABA,zh,Jamgön Kongtrul Lodrö Thaye Series,https://github.com/OpenPecha-Data/IC6CECABA
I47810315,bo,Jamgön Kongtrul Lodrö Thaye Series,https://github.com/OpenPecha-Data/I47810315
I2BBBAEA4,en,Jampal Dewe Nyima Series,https://github.com/OpenPecha-Data/I2BBBAEA4
I6CCC6CAF,bo,Jampal Dewe Nyima Series,https://github.com/OpenPecha-Data/I6CCC6CAF
I022DFD87,en,Jamyang Gyaltsen Series,https://github.com/OpenPecha-Data/I022DFD87
I60678BE4,bo,Jamyang Gyaltsen Series,https://github.com/OpenPecha-Data/I60678BE4
I7C4500CF,en,Jamyang Khyenrab Tayé Series,https://github.com/OpenPecha-Data/I7C4500CF
IBA800DAE,bo,Jamyang Khyenrab Tayé Series,https://github.com/OpenPecha-Data/IBA800DAE
ID9BC9F0F,en,Jamyang Khyentse Chökyi Lodrö Series,https://github.com/OpenPecha-Data/ID9BC9F0F
IBABBBCA0,de,Jamyang Khyentse Chökyi Lodrö Series,https://github.com/OpenPecha-Data/IBABBBCA0
I29CC01C9,es,Jamyang Khyentse Chökyi Lodrö Series,https://github.com/OpenPecha-Data/I29CC01C9
I960AA427,fr,Jamyang Khyentse Chökyi Lodrö Series,https://github.com/OpenPecha-Data/I960AA427
I6A5565FB,pt,Jamyang Khyentse Chökyi Lodrö Series,https://github.com/OpenPecha-Data/I6A5565FB
I17993B60,zh,Jamyang Khyentse Chökyi Lodrö Series,https://github.com/OpenPecha-Data/I17993B60
I69AA3A97,bo,Jamyang Khyentse Chökyi Lodrö Series,https://github.com/OpenPecha-Data/I69AA3A97
I6024C32C,en,Jamyang Khyentse Wangpo Series,https://github.com/OpenPecha-Data/I6024C32C
I98E97869,de,Jamyang Khyentse Wangpo Series,https://github.com/OpenPecha-Data/I98E97869
I57778B6E,es,Jamyang Khyentse Wangpo Series,https://github.com/OpenPecha-Data/I57778B6E
I47034CBC,fr,Jamyang Khyentse Wangpo Series,https://github.com/OpenPecha-Data/I47034CBC
IE799FC17,it,Jamyang Khyentse Wangpo Series,https://github.com/OpenPecha-Data/IE799FC17
I636F3261,pt,Jamyang Khyentse Wangpo Series,https://github.com/OpenPecha-Data/I636F3261
I7CBBDF6A,zh,Jamyang Khyentse Wangpo Series,https://github.com/OpenPecha-Data/I7CBBDF6A
I5C42C808,bo,Jamyang Khyentse Wangpo Series,https://github.com/OpenPecha-Data/I5C42C808
I3E0BABB6,en,Jamyang Loter Wangpo Series,https://github.com/OpenPecha-Data/I3E0BABB6
I5844025A,bo,Jamyang Loter Wangpo Series,https://github.com/OpenPecha-Data/I5844025A
I897BB030,en,Jatsön Nyingpo Series,https://github.com/OpenPecha-Data/I897BB030
I56A973CF,es,Jatsön Nyingpo Series,https://github.com/OpenPecha-Data/I56A973CF
IC9C303E9,bo,Jatsön Nyingpo Series,https://github.com/OpenPecha-Data/IC9C303E9
IF06993D6,en,Jetsün Drakpa Gyaltsen Series,https://github.com/OpenPecha-Data/IF06993D6
ID73EE536,de,Jetsün Drakpa Gyaltsen Series,https://github.com/OpenPecha-Data/ID73EE536
IB27AE947,es,Jetsün Drakpa Gyaltsen Series,https://github.com/OpenPecha-Data/IB27AE947
I9AF90D00,fr,Jetsün Drakpa Gyaltsen Series,https://github.com/OpenPecha-Data/I9AF90D00
I77741598,pt,Jetsün Drakpa Gyaltsen Series,https://github.com/OpenPecha-Data/I77741598
I9D01EDDC,bo,Jetsün Drakpa Gyaltsen Series,https://github.com/OpenPecha-Data/I9D01EDDC
I934BE349,en,Jetsün Mingyur Paldrön,https://github.com/OpenPecha-Data/I934BE349
IEAC99049,bo,Jetsün Mingyur Paldrön,https://github.com/OpenPecha-Data/IEAC99049
I3E547669,en,Jetsünma Muntso Rinpoche,https://github.com/OpenPecha-Data/I3E547669
I800674D7,bo,Jetsünma Muntso Rinpoche,https://github.com/OpenPecha-Data/I800674D7
IF4887357,en,Jigdral Tutop Lingpa Series,https://github.com/OpenPecha-Data/IF4887357
I46F42BEA,bo,Jigdral Tutop Lingpa Series,https://github.com/OpenPecha-Data/I46F42BEA
I44683708,en,Jigme Lingpa Series,https://github.com/OpenPecha-Data/I44683708
I79C461FB,de,Jigme Lingpa Series,https://github.com/OpenPecha-Data/I79C461FB
I3093B402,es,Jigme Lingpa Series,https://github.com/OpenPecha-Data/I3093B402
ID763295F,fr,Jigme Lingpa Series,https://github.com/OpenPecha-Data/ID763295F
I9AE903BB,pt,Jigme Lingpa Series,https://github.com/OpenPecha-Data/I9AE903BB
I44AFEC57,zh,Jigme Lingpa Series,https://github.com/OpenPecha-Data/I44AFEC57
I25331051,bo,Jigme Lingpa Series,https://github.com/OpenPecha-Data/I25331051
IB49D81A3,en,Jigme Tenpé Wangchuk Series,https://github.com/OpenPecha-Data/IB49D81A3
IB1A3BA6F,bo,Jigme Tenpé Wangchuk Series,https://github.com/OpenPecha-Data/IB1A3BA6F
I4647396D,en,Jokyab Pema Trinlé Nyingpo,https://github.com/OpenPecha-Data/I4647396D
I0620BADC,bo,Jokyab Pema Trinlé Nyingpo,https://github.com/OpenPecha-Data/I0620BADC
I6D2AFA96,en,Kachöpa Series,https://github.com/OpenPecha-Data/I6D2AFA96
I878112C1,de,Kachöpa Series,https://github.com/OpenPecha-Data/I878112C1
I4C45393E,es,Kachöpa Series,https://github.com/OpenPecha-Data/I4C45393E
IA5469877,fr,Kachöpa Series,https://github.com/OpenPecha-Data/IA5469877
IB84FFA1B,bo,Kachöpa Series,https://github.com/OpenPecha-Data/IB84FFA1B
I880A76A4,en,Karma Chakme Series,https://github.com/OpenPecha-Data/I880A76A4
I7FF16D2F,de,Karma Chakme Series,https://github.com/OpenPecha-Data/I7FF16D2F
I37A34A78,es,Karma Chakme Series,https://github.com/OpenPecha-Data/I37A34A78
I3109D286,fr,Karma Chakme Series,https://github.com/OpenPecha-Data/I3109D286
I6844BA27,bo,Karma Chakme Series,https://github.com/OpenPecha-Data/I6844BA27
I560AC686,en,Karma Lingpa,https://github.com/OpenPecha-Data/I560AC686
I29DC219F,de,Karma Lingpa,https://github.com/OpenPecha-Data/I29DC219F
I5E9ED427,es,Karma Lingpa,https://github.com/OpenPecha-Data/I5E9ED427
I19AB9962,fr,Karma Lingpa,https://github.com/OpenPecha-Data/I19AB9962
I7D0BCAAF,pt,Karma Lingpa,https://github.com/OpenPecha-Data/I7D0BCAAF
IFD4A299C,bo,Karma Lingpa,https://github.com/OpenPecha-Data/IFD4A299C
IB38C4208,en,Karse Kongtrul Khyentse Özer,https://github.com/OpenPecha-Data/IB38C4208
I7D87FF7F,bo,Karse Kongtrul Khyentse Özer,https://github.com/OpenPecha-Data/I7D87FF7F
IBBA4A24F,en,Katok Dampa Deshek Series,https://github.com/OpenPecha-Data/IBBA4A24F
I5C6568EC,de,Katok Dampa Deshek Series,https://github.com/OpenPecha-Data/I5C6568EC
I44919122,es,Katok Dampa Deshek Series,https://github.com/OpenPecha-Data/I44919122
ID3877C36,fr,Katok Dampa Deshek Series,https://github.com/OpenPecha-Data/ID3877C36
I382999F8,nl,Katok Dampa Deshek Series,https://github.com/OpenPecha-Data/I382999F8
ICFB44B89,bo,Katok Dampa Deshek Series,https://github.com/OpenPecha-Data/ICFB44B89
I68AAA2F9,en,Katok Getse Gyurme Tenpa Gyaltsen,https://github.com/OpenPecha-Data/I68AAA2F9
IF7AC5C44,zh,Katok Getse Gyurme Tenpa Gyaltsen,https://github.com/OpenPecha-Data/IF7AC5C44
I1121B4A1,bo,Katok Getse Gyurme Tenpa Gyaltsen,https://github.com/OpenPecha-Data/I1121B4A1
I41994BD1,en,Katok Rigdzin Chenpo,https://github.com/OpenPecha-Data/I41994BD1
IFE890432,de,Katok Rigdzin Chenpo,https://github.com/OpenPecha-Data/IFE890432
I4858C355,es,Katok Rigdzin Chenpo,https://github.com/OpenPecha-Data/I4858C355
I55860A54,fr,Katok Rigdzin Chenpo,https://github.com/OpenPecha-Data/I55860A54
I0651BDDD,nl,Katok Rigdzin Chenpo,https://github.com/OpenPecha-Data/I0651BDDD
I185FFE25,bo,Katok Rigdzin Chenpo,https://github.com/OpenPecha-Data/I185FFE25
I0EFD00F8,en,Katok Rigdzin Tsewang Norbu,https://github.com/OpenPecha-Data/I0EFD00F8
I0BAD56F0,zh,Katok Rigdzin Tsewang Norbu,https://github.com/OpenPecha-Data/I0BAD56F0
IE4FDA54D,bo,Katok Rigdzin Tsewang Norbu,https://github.com/OpenPecha-Data/IE4FDA54D
IB04A4A0A,en,Katok Situ Chökyi Gyatso Series,https://github.com/OpenPecha-Data/IB04A4A0A
IBA5BA442,bo,Katok Situ Chökyi Gyatso Series,https://github.com/OpenPecha-Data/IBA5BA442
I99D293AA,en,Khandro Tāre Lhamo Series,https://github.com/OpenPecha-Data/I99D293AA
I60B5E5CC,bo,Khandro Tāre Lhamo Series,https://github.com/OpenPecha-Data/I60B5E5CC
I840DB842,en,Khandro Tsering Chödrön Series,https://github.com/OpenPecha-Data/I840DB842
IC022FF05,de,Khandro Tsering Chödrön Series,https://github.com/OpenPecha-Data/IC022FF05
I44323854,es,Khandro Tsering Chödrön Series,https://github.com/OpenPecha-Data/I44323854
IFD84A149,fr,Khandro Tsering Chödrön Series,https://github.com/OpenPecha-Data/IFD84A149
I605EE6BB,zh,Khandro Tsering Chödrön Series,https://github.com/OpenPecha-Data/I605EE6BB
I19C266BE,bo,Khandro Tsering Chödrön Series,https://github.com/OpenPecha-Data/I19C266BE
I7CEFCE73,en,Khenchen Jigme Phuntsok Series,https://github.com/OpenPecha-Data/I7CEFCE73
IB5BE97C5,zh,Khenchen Jigme Phuntsok Series,https://github.com/OpenPecha-Data/IB5BE97C5
I6D480852,bo,Khenchen Jigme Phuntsok Series,https://github.com/OpenPecha-Data/I6D480852
IDCFDDA11,en,Khenchen Namdrol Tsering Series,https://github.com/OpenPecha-Data/IDCFDDA11
IBE761FB6,en,Khenchen Ngawang Lodrö Rinchen,https://github.com/OpenPecha-Data/IBE761FB6
IB959BB7C,de,Khenchen Ngawang Lodrö Rinchen,https://github.com/OpenPecha-Data/IB959BB7C
I3B8217C4,es,Khenchen Ngawang Lodrö Rinchen,https://github.com/OpenPecha-Data/I3B8217C4
IC8A8AB0D,fr,Khenchen Ngawang Lodrö Rinchen,https://github.com/OpenPecha-Data/IC8A8AB0D
I03B4D08D,nl,Khenchen Ngawang Lodrö Rinchen,https://github.com/OpenPecha-Data/I03B4D08D
I6D304D0A,bo,Khenchen Ngawang Lodrö Rinchen,https://github.com/OpenPecha-Data/I6D304D0A
IA3BB7B6B,en,Khenchen Ngawang Palzang Series,https://github.com/OpenPecha-Data/IA3BB7B6B
IFA374435,de,Khenchen Ngawang Palzang Series,https://github.com/OpenPecha-Data/IFA374435
I7FBE3B4A,es,Khenchen Ngawang Palzang Series,https://github.com/OpenPecha-Data/I7FBE3B4A
IA68864BA,fr,Khenchen Ngawang Palzang Series,https://github.com/OpenPecha-Data/IA68864BA
I15ED1A10,it,Khenchen Ngawang Palzang Series,https://github.com/OpenPecha-Data/I15ED1A10
I5BBAB6B4,zh,Khenchen Ngawang Palzang Series,https://github.com/OpenPecha-Data/I5BBAB6B4
I577B7B71,bo,Khenchen Ngawang Palzang Series,https://github.com/OpenPecha-Data/I577B7B71
I24025EE3,en,Khenchen Tashi Özer Series,https://github.com/OpenPecha-Data/I24025EE3
I76758250,bo,Khenchen Tashi Özer Series,https://github.com/OpenPecha-Data/I76758250
I2006FE2C,en,Khenmo Rigdzin Chödrön Series,https://github.com/OpenPecha-Data/I2006FE2C
IFA2EA39F,bo,Khenmo Rigdzin Chödrön Series,https://github.com/OpenPecha-Data/IFA2EA39F
I7F13DB91,en,Khenpo Chimé Rigdzin Series,https://github.com/OpenPecha-Data/I7F13DB91
I94854433,bo,Khenpo Chimé Rigdzin Series,https://github.com/OpenPecha-Data/I94854433
I8C432E8E,en,Khenpo Gangshar Wangpo,https://github.com/OpenPecha-Data/I8C432E8E
I870C45C4,es,Khenpo Gangshar Wangpo,https://github.com/OpenPecha-Data/I870C45C4
I71E15F4C,fr,Khenpo Gangshar Wangpo,https://github.com/OpenPecha-Data/I71E15F4C
I84FB8E4A,pt,Khenpo Gangshar Wangpo,https://github.com/OpenPecha-Data/I84FB8E4A
ID3A8842E,zh,Khenpo Gangshar Wangpo,https://github.com/OpenPecha-Data/ID3A8842E
I255E5F53,bo,Khenpo Gangshar Wangpo,https://github.com/OpenPecha-Data/I255E5F53
IDA669ABE,en,Khenpo Kunzang Palden Series,https://github.com/OpenPecha-Data/IDA669ABE
I17A1E120,bo,Khenpo Kunzang Palden Series,https://github.com/OpenPecha-Data/I17A1E120
IE88FD3E7,en,Khenpo Nüden Series,https://github.com/OpenPecha-Data/IE88FD3E7
I879659AF,bo,Khenpo Nüden Series,https://github.com/OpenPecha-Data/I879659AF
I47736863,en,Khenpo Pema Vajra Series,https://github.com/OpenPecha-Data/I47736863
I40AD9137,zh,Khenpo Pema Vajra Series,https://github.com/OpenPecha-Data/I40AD9137
I31633EEE,bo,Khenpo Pema Vajra Series,https://github.com/OpenPecha-Data/I31633EEE
I774A6D74,en,Patrul Rinpoche Series,https://github.com/OpenPecha-Data/I774A6D74
IE92EEEFF,de,Patrul Rinpoche Series,https://github.com/OpenPecha-Data/IE92EEEFF
I7B47EDCC,es,Patrul Rinpoche Series,https://github.com/OpenPecha-Data/I7B47EDCC
I49DF9041,fr,Patrul Rinpoche Series,https://github.com/OpenPecha-Data/I49DF9041
I4D56512D,it,Patrul Rinpoche Series,https://github.com/OpenPecha-Data/I4D56512D
I0190EB85,pt,Patrul Rinpoche Series,https://github.com/OpenPecha-Data/I0190EB85
I87417337,zh,Patrul Rinpoche Series,https://github.com/OpenPecha-Data/I87417337
I071D0793,bo,Patrul Rinpoche Series,https://github.com/OpenPecha-Data/I071D0793
I5565D2C2,en,Pawo Lerab Tsal Series,https://github.com/OpenPecha-Data/I5565D2C2
ID09F8745,fr,Pawo Lerab Tsal Series,https://github.com/OpenPecha-Data/ID09F8745
I099F49AD,bo,Pawo Lerab Tsal Series,https://github.com/OpenPecha-Data/I099F49AD
I73225FF1,en,Pema Karpo Series,https://github.com/OpenPecha-Data/I73225FF1
I84338749,bo,Pema Karpo Series,https://github.com/OpenPecha-Data/I84338749
I5593B778,en,Pema Kunzang Rangdrol,https://github.com/OpenPecha-Data/I5593B778
IBF17BDE8,pt,Pema Kunzang Rangdrol,https://github.com/OpenPecha-Data/IBF17BDE8
I71D55F4D,bo,Pema Kunzang Rangdrol,https://github.com/OpenPecha-Data/I71D55F4D
I388B2188,en,Pema Lingpa Series,https://github.com/OpenPecha-Data/I388B2188
IB58BDE6D,de,Pema Lingpa Series,https://github.com/OpenPecha-Data/IB58BDE6D
IEFB48FC8,es,Pema Lingpa Series,https://github.com/OpenPecha-Data/IEFB48FC8
IF1BED34C,fr,Pema Lingpa Series,https://github.com/OpenPecha-Data/IF1BED34C
I170B9B08,it,Pema Lingpa Series,https://github.com/OpenPecha-Data/I170B9B08
I32459D73,nl,Pema Lingpa Series,https://github.com/OpenPecha-Data/I32459D73
I09FDC698,zh,Pema Lingpa Series,https://github.com/OpenPecha-Data/I09FDC698
IFF72D87D,bo,Pema Lingpa Series,https://github.com/OpenPecha-Data/IFF72D87D
I40969419,en,Pema Tekchok Loden Series,https://github.com/OpenPecha-Data/I40969419
I91363835,bo,Pema Tekchok Loden Series,https://github.com/OpenPecha-Data/I91363835
I4CCA6A3C,en,Pewar Rinpoche,https://github.com/OpenPecha-Data/I4CCA6A3C
I639F1D05,es,Pewar Rinpoche,https://github.com/OpenPecha-Data/I639F1D05
I5885AC84,bo,Pewar Rinpoche,https://github.com/OpenPecha-Data/I5885AC84
IA7E2DE9E,en,Rago Choktrul Tupten Shedrup Gyatso,https://github.com/OpenPecha-Data/IA7E2DE9E
IE94FBB9E,bo,Rago Choktrul Tupten Shedrup Gyatso,https://github.com/OpenPecha-Data/IE94FBB9E
IC149DD17,en,Rangrik Dorje Series,https://github.com/OpenPecha-Data/IC149DD17
I53CF3584,bo,Rangrik Dorje Series,https://github.com/OpenPecha-Data/I53CF3584
IFFC31524,en,Ratna Lingpa Series,https://github.com/OpenPecha-Data/IFFC31524
I2F469C52,de,Ratna Lingpa Series,https://github.com/OpenPecha-Data/I2F469C52
IF98962F8,es,Ratna Lingpa Series,https://github.com/OpenPecha-Data/IF98962F8
I5AEF754E,fr,Ratna Lingpa Series,https://github.com/OpenPecha-Data/I5AEF754E
I3F9EA287,bo,Ratna Lingpa Series,https://github.com/OpenPecha-Data/I3F9EA287
IC7E11113,en,Rendawa Series,https://github.com/OpenPecha-Data/IC7E11113
IB72E035B,bo,Rendawa Series,https://github.com/OpenPecha-Data/IB72E035B
I5BB9AD94,en,Rigdzin Gödem,https://github.com/OpenPecha-Data/I5BB9AD94
I7CA82A6C,de,Rigdzin Gödem,https://github.com/OpenPecha-Data/I7CA82A6C
IE92472F7,fr,Rigdzin Gödem,https://github.com/OpenPecha-Data/IE92472F7
I88C19D44,pt,Rigdzin Gödem,https://github.com/OpenPecha-Data/I88C19D44
IEC75733C,bo,Rigdzin Gödem,https://github.com/OpenPecha-Data/IEC75733C
I91998A6B,en,Rigdzin Nyima Drakpa,https://github.com/OpenPecha-Data/I91998A6B
IAA4D72A1,de,Rigdzin Nyima Drakpa,https://github.com/OpenPecha-Data/IAA4D72A1
IA8FFE11A,es,Rigdzin Nyima Drakpa,https://github.com/OpenPecha-Data/IA8FFE11A
IE626384F,fr,Rigdzin Nyima Drakpa,https://github.com/OpenPecha-Data/IE626384F
ID83CCFF4,it,Rigdzin Nyima Drakpa,https://github.com/OpenPecha-Data/ID83CCFF4
IA6559611,nl,Rigdzin Nyima Drakpa,https://github.com/OpenPecha-Data/IA6559611
ICB521FBC,bo,Rigdzin Nyima Drakpa,https://github.com/OpenPecha-Data/ICB521FBC
I733B4949,en,Rogza Sönam Palge,https://github.com/OpenPecha-Data/I733B4949
I8BB660BB,bo,Rogza Sönam Palge,https://github.com/OpenPecha-Data/I8BB660BB
IB4C18B2C,en,Rongtön Sheja Künrig Series,https://github.com/OpenPecha-Data/IB4C18B2C
I9C9DC9A8,es,Rongtön Sheja Künrig Series,https://github.com/OpenPecha-Data/I9C9DC9A8
I4F9F7839,fr,Rongtön Sheja Künrig Series,https://github.com/OpenPecha-Data/I4F9F7839
IBFF66B07,pt,Rongtön Sheja Künrig Series,https://github.com/OpenPecha-Data/IBFF66B07
I022CF291,bo,Rongtön Sheja Künrig Series,https://github.com/OpenPecha-Data/I022CF291
IBB2C2604,en,Rongzom Chökyi Zangpo,https://github.com/OpenPecha-Data/IBB2C2604
IFBF2BCB2,fr,Rongzom Chökyi Zangpo,https://github.com/OpenPecha-Data/IFBF2BCB2
IA4ABB99A,bo,Rongzom Chökyi Zangpo,https://github.com/OpenPecha-Data/IA4ABB99A
I92A1D190,en,Sachen Kunga Nyingpo,https://github.com/OpenPecha-Data/I92A1D190
ID327EF8F,de,Sachen Kunga Nyingpo,https://github.com/OpenPecha-Data/ID327EF8F
I8AA4467A,es,Sachen Kunga Nyingpo,https://github.com/OpenPecha-Data/I8AA4467A
I08DB6FC2,fr,Sachen Kunga Nyingpo,https://github.com/OpenPecha-Data/I08DB6FC2
IFFAB0192,bo,Sachen Kunga Nyingpo,https://github.com/OpenPecha-Data/IFFAB0192
IDD5D488C,en,Sakya Paṇḍita Series,https://github.com/OpenPecha-Data/IDD5D488C
I446B97A0,es,Sakya Paṇḍita Series,https://github.com/OpenPecha-Data/I446B97A0
ID1345851,fr,Sakya Paṇḍita Series,https://github.com/OpenPecha-Data/ID1345851
IAAB349FA,it,Sakya Paṇḍita Series,https://github.com/OpenPecha-Data/IAAB349FA
IBB34BCC3,pt,Sakya Paṇḍita Series,https://github.com/OpenPecha-Data/IBB34BCC3
IC2E8A6FE,bo,Sakya Paṇḍita Series,https://github.com/OpenPecha-Data/IC2E8A6FE
I03253942,en,Sakya Trichen,https://github.com/OpenPecha-Data/I03253942
I749973E5,de,Sakya Trichen,https://github.com/OpenPecha-Data/I749973E5
I6334B43C,es,Sakya Trichen,https://github.com/OpenPecha-Data/I6334B43C
IC10A601B,fr,Sakya Trichen,https://github.com/OpenPecha-Data/IC10A601B
IEA6D64D1,it,Sakya Trichen,https://github.com/OpenPecha-Data/IEA6D64D1
IED5389F6,nl,Sakya Trichen,https://github.com/OpenPecha-Data/IED5389F6
I16FEF1F6,bo,Sakya Trichen,https://github.com/OpenPecha-Data/I16FEF1F6
I3FD9ED12,en,Samten Lingpa Series,https://github.com/OpenPecha-Data/I3FD9ED12
I2990DD1D,bo,Samten Lingpa Series,https://github.com/OpenPecha-Data/I2990DD1D
I14EA8FE7,en,Sera Khandro Series,https://github.com/OpenPecha-Data/I14EA8FE7
I0CEA0CC7,pt,Sera Khandro Series,https://github.com/OpenPecha-Data/I0CEA0CC7
IEC209262,bo,Sera Khandro Series,https://github.com/OpenPecha-Data/IEC209262
I4BF067BA,en,Seventh Dalai Lama Series,https://github.com/OpenPecha-Data/I4BF067BA
I1AF5442D,bo,Seventh Dalai Lama Series,https://github.com/OpenPecha-Data/I1AF5442D
I94542941,en,Shabkar Tsokdruk Rangdrol Series,https://github.com/OpenPecha-Data/I94542941
I9BAF89EC,de,Shabkar Tsokdruk Rangdrol Series,https://github.com/OpenPecha-Data/I9BAF89EC
I2C28C2A0,es,Shabkar Tsokdruk Rangdrol Series,https://github.com/OpenPecha-Data/I2C28C2A0
I3FF40756,fr,Shabkar Tsokdruk Rangdrol Series,https://github.com/OpenPecha-Data/I3FF40756
ID0624267,pt,Shabkar Tsokdruk Rangdrol Series,https://github.com/OpenPecha-Data/ID0624267
I94D704BA,bo,Shabkar Tsokdruk Rangdrol Series,https://github.com/OpenPecha-Data/I94D704BA
I64186847,en,Shakya Shri Series,https://github.com/OpenPecha-Data/I64186847
ID4EA7AE2,zh,Shakya Shri Series,https://github.com/OpenPecha-Data/ID4EA7AE2
I3E9C3A84,bo,Shakya Shri Series,https://github.com/OpenPecha-Data/I3E9C3A84
I498A8542,en,Shamar Chökyi Wangchuk,https://github.com/OpenPecha-Data/I498A8542
I777EE7B8,pt,Shamar Chökyi Wangchuk,https://github.com/OpenPecha-Data/I777EE7B8
IC9D0BBD5,bo,Shamar Chökyi Wangchuk,https://github.com/OpenPecha-Data/IC9D0BBD5
I9F154EFF,en,Shechen Gyaltsab Gyurme Pema Namgyal,https://github.com/OpenPecha-Data/I9F154EFF
IF4922104,de,Shechen Gyaltsab Gyurme Pema Namgyal,https://github.com/OpenPecha-Data/IF4922104
I4FDA6065,fr,Shechen Gyaltsab Gyurme Pema Namgyal,https://github.com/OpenPecha-Data/I4FDA6065
I300460B0,it,Shechen Gyaltsab Gyurme Pema Namgyal,https://github.com/OpenPecha-Data/I300460B0
I0484A887,pt,Shechen Gyaltsab Gyurme Pema Namgyal,https://github.com/OpenPecha-Data/I0484A887
I66ABA058,zh,Shechen Gyaltsab Gyurme Pema Namgyal,https://github.com/OpenPecha-Data/I66ABA058
IB1D7F366,bo,Shechen Gyaltsab Gyurme Pema Namgyal,https://github.com/OpenPecha-Data/IB1D7F366
I627F19D5,en,Shechen Kongtrul Series,https://github.com/OpenPecha-Data/I627F19D5
I9DE44544,bo,Shechen Kongtrul Series,https://github.com/OpenPecha-Data/I9DE44544
I7EA08F5C,en,Shechen Rabjam Rinpoche Series,https://github.com/OpenPecha-Data/I7EA08F5C
ID795D333,de,Shechen Rabjam Rinpoche Series,https://github.com/OpenPecha-Data/ID795D333
ICD78B4C2,fr,Shechen Rabjam Rinpoche Series,https://github.com/OpenPecha-Data/ICD78B4C2
I83CEC440,it,Shechen Rabjam Rinpoche Series,https://github.com/OpenPecha-Data/I83CEC440
IC48C4D44,pt,Shechen Rabjam Rinpoche Series,https://github.com/OpenPecha-Data/IC48C4D44
I89875B97,bo,Shechen Rabjam Rinpoche Series,https://github.com/OpenPecha-Data/I89875B97
I04C5644E,en,Sherab Özer Series,https://github.com/OpenPecha-Data/I04C5644E
IBA50A8BC,bo,Sherab Özer Series,https://github.com/OpenPecha-Data/IBA50A8BC
IADB5D5D0,en,Shikpo Lingpa Series,https://github.com/OpenPecha-Data/IADB5D5D0
I4C226982,bo,Shikpo Lingpa Series,https://github.com/OpenPecha-Data/I4C226982
ID5149747,en,Situ Paṇchen Series,https://github.com/OpenPecha-Data/ID5149747
IBC7C78A8,zh,Situ Paṇchen Series,https://github.com/OpenPecha-Data/IBC7C78A8
I42C809D7,bo,Situ Paṇchen Series,https://github.com/OpenPecha-Data/I42C809D7
I59C7632F,en,Situ Pema Nyinjé Wangpo,https://github.com/OpenPecha-Data/I59C7632F
I7677AFB3,bo,Situ Pema Nyinjé Wangpo,https://github.com/OpenPecha-Data/I7677AFB3
IE70EAA5A,en,Sixteenth Karmapa Series,https://github.com/OpenPecha-Data/IE70EAA5A
ID24C1AEC,en,Khenpo Petse Rinpoche,https://github.com/OpenPecha-Data/ID24C1AEC
I7485CF7D,bo,Khenpo Petse Rinpoche,https://github.com/OpenPecha-Data/I7485CF7D
IFC4FA4F4,en,Khenpo Shenpen Nangwa Series,https://github.com/OpenPecha-Data/IFC4FA4F4
I19C2F0B5,es,Khenpo Shenpen Nangwa Series,https://github.com/OpenPecha-Data/I19C2F0B5
I6B161C06,fr,Khenpo Shenpen Nangwa Series,https://github.com/OpenPecha-Data/I6B161C06
I5C35B646,pt,Khenpo Shenpen Nangwa Series,https://github.com/OpenPecha-Data/I5C35B646
IA723A55C,zh,Khenpo Shenpen Nangwa Series,https://github.com/OpenPecha-Data/IA723A55C
I7A421230,bo,Khenpo Shenpen Nangwa Series,https://github.com/OpenPecha-Data/I7A421230
I396A0009,en,Khenpo Tsöndrü Series,https://github.com/OpenPecha-Data/I396A0009
IEA29289F,es,Khenpo Tsöndrü Series,https://github.com/OpenPecha-Data/IEA29289F
IC303C666,bo,Khenpo Tsöndrü Series,https://github.com/OpenPecha-Data/IC303C666
IC37EB5B9,en,Khenpo Yönten Gönpo Series,https://github.com/OpenPecha-Data/IC37EB5B9
I78BE36DF,bo,Khenpo Yönten Gönpo Series,https://github.com/OpenPecha-Data/I78BE36DF
IDF9994D9,en,Khenpo Yönten Gyatso Series,https://github.com/OpenPecha-Data/IDF9994D9
IA0443790,pt,Khenpo Yönten Gyatso Series,https://github.com/OpenPecha-Data/IA0443790
IF534DF3D,zh,Khenpo Yönten Gyatso Series,https://github.com/OpenPecha-Data/IF534DF3D
I48C24236,bo,Khenpo Yönten Gyatso Series,https://github.com/OpenPecha-Data/I48C24236
I43452844,en,Khyenrab Chökyi Özer Series,https://github.com/OpenPecha-Data/I43452844
I3EEAE8C7,bo,Khyenrab Chökyi Özer Series,https://github.com/OpenPecha-Data/I3EEAE8C7
I9FB42044,en,Könchok Tenpe Drönme Series,https://github.com/OpenPecha-Data/I9FB42044
I75EAAA62,bo,Könchok Tenpe Drönme Series,https://github.com/OpenPecha-Data/I75EAAA62
IA6195A68,en,Kunga Palden Series,https://github.com/OpenPecha-Data/IA6195A68
I923A711A,bo,Kunga Palden Series,https://github.com/OpenPecha-Data/I923A711A
IB5809902,en,Lachung Apo Series,https://github.com/OpenPecha-Data/IB5809902
I1D3D823E,zh,Lachung Apo Series,https://github.com/OpenPecha-Data/I1D3D823E
I79171633,bo,Lachung Apo Series,https://github.com/OpenPecha-Data/I79171633
I535F0313,en,Lala Sonam Chödrup Series,https://github.com/OpenPecha-Data/I535F0313
IF9B96DB6,bo,Lala Sonam Chödrup Series,https://github.com/OpenPecha-Data/IF9B96DB6
I4E60DA24,en,Lama Rigdzin Nyima Series,https://github.com/OpenPecha-Data/I4E60DA24
IF842CEAF,zh,Lama Rigdzin Nyima Series,https://github.com/OpenPecha-Data/IF842CEAF
ICC8CE0A8,bo,Lama Rigdzin Nyima Series,https://github.com/OpenPecha-Data/ICC8CE0A8
I12370B35,en,Lama Zhang Tsöndrü Drakpa,https://github.com/OpenPecha-Data/I12370B35
IE91E29F9,bo,Lama Zhang Tsöndrü Drakpa,https://github.com/OpenPecha-Data/IE91E29F9
ICE78B77C,en,Lelung Shepé Dorje Series,https://github.com/OpenPecha-Data/ICE78B77C
IBC6C9F94,bo,Lelung Shepé Dorje Series,https://github.com/OpenPecha-Data/IBC6C9F94
I7E3EEADB,en,Lhatsün Namkha Jigme Series,https://github.com/OpenPecha-Data/I7E3EEADB
I8CB8C8FC,de,Lhatsün Namkha Jigme Series,https://github.com/OpenPecha-Data/I8CB8C8FC
I8658F41E,es,Lhatsün Namkha Jigme Series,https://github.com/OpenPecha-Data/I8658F41E
I9046F529,fr,Lhatsün Namkha Jigme Series,https://github.com/OpenPecha-Data/I9046F529
I164E031D,pt,Lhatsün Namkha Jigme Series,https://github.com/OpenPecha-Data/I164E031D
I30A6068D,zh,Lhatsün Namkha Jigme Series,https://github.com/OpenPecha-Data/I30A6068D
I1BAA6581,bo,Lhatsün Namkha Jigme Series,https://github.com/OpenPecha-Data/I1BAA6581
I37BC4570,en,Lhodrak Namkha Gyaltsen,https://github.com/OpenPecha-Data/I37BC4570
I387181A8,de,Lhodrak Namkha Gyaltsen,https://github.com/OpenPecha-Data/I387181A8
I9FCFBFE5,es,Lhodrak Namkha Gyaltsen,https://github.com/OpenPecha-Data/I9FCFBFE5
IA3847FFF,fr,Lhodrak Namkha Gyaltsen,https://github.com/OpenPecha-Data/IA3847FFF
I89C6DAE4,it,Lhodrak Namkha Gyaltsen,https://github.com/OpenPecha-Data/I89C6DAE4
I48BB387F,nl,Lhodrak Namkha Gyaltsen,https://github.com/OpenPecha-Data/I48BB387F
I5D6A3E46,bo,Lhodrak Namkha Gyaltsen,https://github.com/OpenPecha-Data/I5D6A3E46
I995A7A59,en,Lobzang Chökyi Gyaltsen,https://github.com/OpenPecha-Data/I995A7A59
I3B031998,bo,Lobzang Chökyi Gyaltsen,https://github.com/OpenPecha-Data/I3B031998
I83391B3B,en,Lochen Chönyi Zangmo,https://github.com/OpenPecha-Data/I83391B3B
I44741E8E,bo,Lochen Chönyi Zangmo,https://github.com/OpenPecha-Data/I44741E8E
IC44412FB,en,Lochen Dharmaśrī Series,https://github.com/OpenPecha-Data/IC44412FB
ICE34474C,bo,Lochen Dharmaśrī Series,https://github.com/OpenPecha-Data/ICE34474C
I87CA76A1,en,Lodi Gyari Rinpoche,https://github.com/OpenPecha-Data/I87CA76A1
I6100ABA0,de,Lodi Gyari Rinpoche,https://github.com/OpenPecha-Data/I6100ABA0
IE211CA2C,es,Lodi Gyari Rinpoche,https://github.com/OpenPecha-Data/IE211CA2C
I4B16319E,fr,Lodi Gyari Rinpoche,https://github.com/OpenPecha-Data/I4B16319E
I44ACBA16,bo,Lodi Gyari Rinpoche,https://github.com/OpenPecha-Data/I44ACBA16
I685C90D0,en,Longchen Rabjam Series,https://github.com/OpenPecha-Data/I685C90D0
IAFBC4D6A,de,Longchen Rabjam Series,https://github.com/OpenPecha-Data/IAFBC4D6A
IFCD46524,es,Longchen Rabjam Series,https://github.com/OpenPecha-Data/IFCD46524
IA945829B,fr,Longchen Rabjam Series,https://github.com/OpenPecha-Data/IA945829B
IB7AC62A9,it,Longchen Rabjam Series,https://github.com/OpenPecha-Data/IB7AC62A9
IBFB7EFC3,pt,Longchen Rabjam Series,https://github.com/OpenPecha-Data/IBFB7EFC3
IFAC0693A,zh,Longchen Rabjam Series,https://github.com/OpenPecha-Data/IFAC0693A
I17994F73,bo,Longchen Rabjam Series,https://github.com/OpenPecha-Data/I17994F73
I71D91D70,en,Longsal Nyingpo Series,https://github.com/OpenPecha-Data/I71D91D70
I84946C84,bo,Longsal Nyingpo Series,https://github.com/OpenPecha-Data/I84946C84
I1188F939,en,Machik Labdrön Series,https://github.com/OpenPecha-Data/I1188F939
I19C4BBC1,pt,Machik Labdrön Series,https://github.com/OpenPecha-Data/I19C4BBC1
IB815ABE3,bo,Machik Labdrön Series,https://github.com/OpenPecha-Data/IB815ABE3
I96549109,en,Marpa Lotsāwa Series,https://github.com/OpenPecha-Data/I96549109
IAA3D5322,bo,Marpa Lotsāwa Series,https://github.com/OpenPecha-Data/IAA3D5322
IDA953A5B,en,Mayum Tsering Wangmo Series,https://github.com/OpenPecha-Data/IDA953A5B
I93744FEF,de,Mayum Tsering Wangmo Series,https://github.com/OpenPecha-Data/I93744FEF
IE91F723B,es,Mayum Tsering Wangmo Series,https://github.com/OpenPecha-Data/IE91F723B
I2586F458,fr,Mayum Tsering Wangmo Series,https://github.com/OpenPecha-Data/I2586F458
IDFD8DC50,bo,Mayum Tsering Wangmo Series,https://github.com/OpenPecha-Data/IDFD8DC50
I1FA2FAAD,en,Menlungpa Mikyö Dorje,https://github.com/OpenPecha-Data/I1FA2FAAD
I6489ECE9,bo,Menlungpa Mikyö Dorje,https://github.com/OpenPecha-Data/I6489ECE9
I984999A9,en,Metrul Tendzin Gyatso Series,https://github.com/OpenPecha-Data/I984999A9
I77722755,bo,Metrul Tendzin Gyatso Series,https://github.com/OpenPecha-Data/I77722755
I76963849,en,Milarepa Series,https://github.com/OpenPecha-Data/I76963849
I4F4C4070,it,Milarepa Series,https://github.com/OpenPecha-Data/I4F4C4070
I26482BC8,bo,Milarepa Series,https://github.com/OpenPecha-Data/I26482BC8
ID8050005,en,Minling Chung Rinpoche Series,https://github.com/OpenPecha-Data/ID8050005
I40E94C44,bo,Minling Chung Rinpoche Series,https://github.com/OpenPecha-Data/I40E94C44
ID3F216AF,en,Minling Terchen Gyurme Dorje Series,https://github.com/OpenPecha-Data/ID3F216AF
I4F0057A4,de,Minling Terchen Gyurme Dorje Series,https://github.com/OpenPecha-Data/I4F0057A4
I34BCACE3,es,Minling Terchen Gyurme Dorje Series,https://github.com/OpenPecha-Data/I34BCACE3
I73F37458,fr,Minling Terchen Gyurme Dorje Series,https://github.com/OpenPecha-Data/I73F37458
IFFD4AE45,nl,Minling Terchen Gyurme Dorje Series,https://github.com/OpenPecha-Data/IFFD4AE45
I9D978AE4,bo,Minling Terchen Gyurme Dorje Series,https://github.com/OpenPecha-Data/I9D978AE4
IC21B5E5E,en,Minyak Kunzang Sönam Series,https://github.com/OpenPecha-Data/IC21B5E5E
I2A7767AC,es,Minyak Kunzang Sönam Series,https://github.com/OpenPecha-Data/I2A7767AC
I9A9211B1,fr,Minyak Kunzang Sönam Series,https://github.com/OpenPecha-Data/I9A9211B1
I4633427E,bo,Minyak Kunzang Sönam Series,https://github.com/OpenPecha-Data/I4633427E
I6378A767,en,Mipham Rinpoche Series,https://github.com/OpenPecha-Data/I6378A767
IFF601E58,de,Mipham Rinpoche Series,https://github.com/OpenPecha-Data/IFF601E58
IF843DDD2,es,Mipham Rinpoche Series,https://github.com/OpenPecha-Data/IF843DDD2
IA73DF3F8,fr,Mipham Rinpoche Series,https://github.com/OpenPecha-Data/IA73DF3F8
I45D3C3C3,it,Mipham Rinpoche Series,https://github.com/OpenPecha-Data/I45D3C3C3
IC6EC0AE1,nl,Mipham Rinpoche Series,https://github.com/OpenPecha-Data/IC6EC0AE1
I1DD1C01B,pt,Mipham Rinpoche Series,https://github.com/OpenPecha-Data/I1DD1C01B
I97343FD7,zh,Mipham Rinpoche Series,https://github.com/OpenPecha-Data/I97343FD7
I225B8528,bo,Mipham Rinpoche Series,https://github.com/OpenPecha-Data/I225B8528
I8B1AC036,en,Namkha Drimed Rinpoche Series,https://github.com/OpenPecha-Data/I8B1AC036
I4183AD82,bo,Namkha Drimed Rinpoche Series,https://github.com/OpenPecha-Data/I4183AD82
IE588562D,en,Namkha Tsewang Chokdrup Series,https://github.com/OpenPecha-Data/IE588562D
I06A8DCC4,bo,Namkha Tsewang Chokdrup Series,https://github.com/OpenPecha-Data/I06A8DCC4
I6E3E98E4,en,Ngakchang Shakya Zangpo Series,https://github.com/OpenPecha-Data/I6E3E98E4
I78E801E8,bo,Ngakchang Shakya Zangpo Series,https://github.com/OpenPecha-Data/I78E801E8
IA33E5A39,en,Ngawang Samten Lodrö Series,https://github.com/OpenPecha-Data/IA33E5A39
IF83CAA7F,bo,Ngawang Samten Lodrö Series,https://github.com/OpenPecha-Data/IF83CAA7F
I50C1ED10,en,Ngawang Tendar Series,https://github.com/OpenPecha-Data/I50C1ED10
I421406C1,bo,Ngawang Tendar Series,https://github.com/OpenPecha-Data/I421406C1
I8B9B4CD9,en,Ngawang Tenzin Norbu Series,https://github.com/OpenPecha-Data/I8B9B4CD9
I6B2B703B,bo,Ngawang Tenzin Norbu Series,https://github.com/OpenPecha-Data/I6B2B703B
I31532112,en,Ngorchen Könchok Lhundrup,https://github.com/OpenPecha-Data/I31532112
I13EE6D6D,en,Ngawang Tenzin Norbu Series,https://github.com/OpenPecha-Data/I13EE6D6D
I549742AA,bo,Ngawang Tenzin Norbu Series,https://github.com/OpenPecha-Data/I549742AA
I43909B48,en,Ngorchen Könchok Lhundrup,https://github.com/OpenPecha-Data/I43909B48
ID4486897,bo,Ngorchen Könchok Lhundrup,https://github.com/OpenPecha-Data/ID4486897
IBE828F5E,en,Ngorchen Kunga Zangpo,https://github.com/OpenPecha-Data/IBE828F5E
IF926FCD4,bo,Ngorchen Kunga Zangpo,https://github.com/OpenPecha-Data/IF926FCD4
I9874617E,en,Ngulchu Dharmabhadra Series,https://github.com/OpenPecha-Data/I9874617E
I9704B5EE,bo,Ngulchu Dharmabhadra Series,https://github.com/OpenPecha-Data/I9704B5EE
I40CD9DB1,en,Nubchen Sangye Yeshe,https://github.com/OpenPecha-Data/I40CD9DB1
I7E8E1F4E,bo,Nubchen Sangye Yeshe,https://github.com/OpenPecha-Data/I7E8E1F4E
I64BB5215,en,Nubpa Rigdzin Drak,https://github.com/OpenPecha-Data/I64BB5215
IA9B4001E,bo,Nubpa Rigdzin Drak,https://github.com/OpenPecha-Data/IA9B4001E
I454A754A,en,Nyala Pema Dündul Series,https://github.com/OpenPecha-Data/I454A754A
IC3541501,es,Nyala Pema Dündul Series,https://github.com/OpenPecha-Data/IC3541501
ID61B771D,fr,Nyala Pema Dündul Series,https://github.com/OpenPecha-Data/ID61B771D
I5F429BB9,zh,Nyala Pema Dündul Series,https://github.com/OpenPecha-Data/I5F429BB9
I308A6336,bo,Nyala Pema Dündul Series,https://github.com/OpenPecha-Data/I308A6336
I2A415F64,en,Nyangral Nyima Özer Series,https://github.com/OpenPecha-Data/I2A415F64
I5A645A2A,fr,Nyangral Nyima Özer Series,https://github.com/OpenPecha-Data/I5A645A2A
IC33C19D1,zh,Nyangral Nyima Özer Series,https://github.com/OpenPecha-Data/IC33C19D1
IDDA2691D,bo,Nyangral Nyima Özer Series,https://github.com/OpenPecha-Data/IDDA2691D
I9239CF3A,en,Nyoshul Khenpo Jamyang Dorje,https://github.com/OpenPecha-Data/I9239CF3A
I4AF75499,de,Nyoshul Khenpo Jamyang Dorje,https://github.com/OpenPecha-Data/I4AF75499
I202C866F,es,Nyoshul Khenpo Jamyang Dorje,https://github.com/OpenPecha-Data/I202C866F
I6FE68DDA,fr,Nyoshul Khenpo Jamyang Dorje,https://github.com/OpenPecha-Data/I6FE68DDA
IE0737B77,it,Nyoshul Khenpo Jamyang Dorje,https://github.com/OpenPecha-Data/IE0737B77
I4FE64F90,zh,Nyoshul Khenpo Jamyang Dorje,https://github.com/OpenPecha-Data/I4FE64F90
IC42608CB,bo,Nyoshul Khenpo Jamyang Dorje,https://github.com/OpenPecha-Data/IC42608CB
IADAB5FC3,en,Nyoshul Lungtok Series,https://github.com/OpenPecha-Data/IADAB5FC3
I48B1D4D4,pt,Nyoshul Lungtok Series,https://github.com/OpenPecha-Data/I48B1D4D4
I9AB58C44,bo,Nyoshul Lungtok Series,https://github.com/OpenPecha-Data/I9AB58C44
I57F2C346,en,Orgyen Lingpa Series,https://github.com/OpenPecha-Data/I57F2C346
IF01F7610,bo,Orgyen Lingpa Series,https://github.com/OpenPecha-Data/IF01F7610
I1C10D545,en,Orgyen Tendzin Norbu Series,https://github.com/OpenPecha-Data/I1C10D545
IE03B4308,zh,Orgyen Tendzin Norbu Series,https://github.com/OpenPecha-Data/IE03B4308
I4961426C,bo,Orgyen Tendzin Norbu Series,https://github.com/OpenPecha-Data/I4961426C
I1382F45F,en,Orgyen Tobgyal Rinpoche Series,https://github.com/OpenPecha-Data/I1382F45F
I046AAA80,de,Orgyen Tobgyal Rinpoche Series,https://github.com/OpenPecha-Data/I046AAA80
I32F572DA,es,Orgyen Tobgyal Rinpoche Series,https://github.com/OpenPecha-Data/I32F572DA
I34763F0A,fr,Orgyen Tobgyal Rinpoche Series,https://github.com/OpenPecha-Data/I34763F0A
I5F1AA257,it,Orgyen Tobgyal Rinpoche Series,https://github.com/OpenPecha-Data/I5F1AA257
ICB9BDCD5,nl,Orgyen Tobgyal Rinpoche Series,https://github.com/OpenPecha-Data/ICB9BDCD5
I0116602D,bo,Orgyen Tobgyal Rinpoche Series,https://github.com/OpenPecha-Data/I0116602D
IBA1873EB,en,Pakchok Dorje Series,https://github.com/OpenPecha-Data/IBA1873EB
IE3204D81,bo,Pakchok Dorje Series,https://github.com/OpenPecha-Data/IE3204D81
I31499C93,en,Paksam Wangpo Series,https://github.com/OpenPecha-Data/I31499C93
IF0B3B114,bo,Paksam Wangpo Series,https://github.com/OpenPecha-Data/IF0B3B114
I25BF02DB,en,Palyul Choktrul Series,https://github.com/OpenPecha-Data/I25BF02DB
I855B9C84,bo,Palyul Choktrul Series,https://github.com/OpenPecha-Data/I855B9C84
I3EBE55B1,en,Pari Lobzang Rabsal,https://github.com/OpenPecha-Data/I3EBE55B1
IBF24B499,bo,Pari Lobzang Rabsal,https://github.com/OpenPecha-Data/IBF24B499
I59CD4449,en,Patrul Rinpoche Series,https://github.com/OpenPecha-Data/I59CD4449
I0DB62618,de,Patrul Rinpoche Series,https://github.com/OpenPecha-Data/I0DB62618
I71999441,es,Patrul Rinpoche Series,https://github.com/OpenPecha-Data/I71999441
I65C24255,fr,Patrul Rinpoche Series,https://github.com/OpenPecha-Data/I65C24255
IB1119681,it,Patrul Rinpoche Series,https://github.com/OpenPecha-Data/IB1119681
IFA5B1795,pt,Patrul Rinpoche Series,https://github.com/OpenPecha-Data/IFA5B1795
I40FC91DC,zh,Patrul Rinpoche Series,https://github.com/OpenPecha-Data/I40FC91DC
I65AB8AA9,bo,Patrul Rinpoche Series,https://github.com/OpenPecha-Data/I65AB8AA9
I6F6BDE0A,en,Pawo Lerab Tsal Series,https://github.com/OpenPecha-Data/I6F6BDE0A
IF19D26D2,fr,Pawo Lerab Tsal Series,https://github.com/OpenPecha-Data/IF19D26D2
I645C1453,bo,Pawo Lerab Tsal Series,https://github.com/OpenPecha-Data/I645C1453
I45D7AFE7,en,Pema Karpo Series,https://github.com/OpenPecha-Data/I45D7AFE7
IFF600F99,bo,Pema Karpo Series,https://github.com/OpenPecha-Data/IFF600F99
I70E20776,en,Pema Kunzang Rangdrol,https://github.com/OpenPecha-Data/I70E20776
I14F1D0B0,pt,Pema Kunzang Rangdrol,https://github.com/OpenPecha-Data/I14F1D0B0
I6F23B542,bo,Pema Kunzang Rangdrol,https://github.com/OpenPecha-Data/I6F23B542
I4D9C9663,en,Pema Lingpa Series,https://github.com/OpenPecha-Data/I4D9C9663
I94538B16,de,Pema Lingpa Series,https://github.com/OpenPecha-Data/I94538B16
I18AA8053,es,Pema Lingpa Series,https://github.com/OpenPecha-Data/I18AA8053
I2D0A28F0,fr,Pema Lingpa Series,https://github.com/OpenPecha-Data/I2D0A28F0
I95218E57,it,Pema Lingpa Series,https://github.com/OpenPecha-Data/I95218E57
I0299C4B8,nl,Pema Lingpa Series,https://github.com/OpenPecha-Data/I0299C4B8
I984953FC,zh,Pema Lingpa Series,https://github.com/OpenPecha-Data/I984953FC
I399789F6,bo,Pema Lingpa Series,https://github.com/OpenPecha-Data/I399789F6
I09E81DBE,en,Pema Tekchok Loden Series,https://github.com/OpenPecha-Data/I09E81DBE
I4C30D8BD,bo,Pema Tekchok Loden Series,https://github.com/OpenPecha-Data/I4C30D8BD
IE9EB5E4D,en,Pewar Rinpoche,https://github.com/OpenPecha-Data/IE9EB5E4D
I1764B076,es,Pewar Rinpoche,https://github.com/OpenPecha-Data/I1764B076
I4A6AEE2A,bo,Pewar Rinpoche,https://github.com/OpenPecha-Data/I4A6AEE2A
I16E5A9D6,en,Rago Choktrul Tupten Shedrup Gyatso,https://github.com/OpenPecha-Data/I16E5A9D6
IBAEB6D6F,bo,Rago Choktrul Tupten Shedrup Gyatso,https://github.com/OpenPecha-Data/IBAEB6D6F
I18CFFB8D,en,Rangrik Dorje Series,https://github.com/OpenPecha-Data/I18CFFB8D
I5DCC4156,bo,Rangrik Dorje Series,https://github.com/OpenPecha-Data/I5DCC4156
IBD8BCD75,en,Ratna Lingpa Series,https://github.com/OpenPecha-Data/IBD8BCD75
I75DEE444,de,Ratna Lingpa Series,https://github.com/OpenPecha-Data/I75DEE444
I1424B72D,es,Ratna Lingpa Series,https://github.com/OpenPecha-Data/I1424B72D
IAEB91761,fr,Ratna Lingpa Series,https://github.com/OpenPecha-Data/IAEB91761
ICBD3BA8C,bo,Ratna Lingpa Series,https://github.com/OpenPecha-Data/ICBD3BA8C
I6979B20B,en,Rendawa Series,https://github.com/OpenPecha-Data/I6979B20B
IAA4E1B05,bo,Rendawa Series,https://github.com/OpenPecha-Data/IAA4E1B05
I98B9EA2A,en,Rigdzin Gödem,https://github.com/OpenPecha-Data/I98B9EA2A
I739C2283,de,Rigdzin Gödem,https://github.com/OpenPecha-Data/I739C2283
IB445E860,fr,Rigdzin Gödem,https://github.com/OpenPecha-Data/IB445E860
I77AC6497,pt,Rigdzin Gödem,https://github.com/OpenPecha-Data/I77AC6497
I2DDFC2AF,bo,Rigdzin Gödem,https://github.com/OpenPecha-Data/I2DDFC2AF
I1A4618A2,en,Rigdzin Nyima Drakpa,https://github.com/OpenPecha-Data/I1A4618A2
I3E330997,de,Rigdzin Nyima Drakpa,https://github.com/OpenPecha-Data/I3E330997
IA4353BE9,es,Rigdzin Nyima Drakpa,https://github.com/OpenPecha-Data/IA4353BE9
IA1A6D0D6,fr,Rigdzin Nyima Drakpa,https://github.com/OpenPecha-Data/IA1A6D0D6
I0B809A2B,it,Rigdzin Nyima Drakpa,https://github.com/OpenPecha-Data/I0B809A2B
I9458D4BA,nl,Rigdzin Nyima Drakpa,https://github.com/OpenPecha-Data/I9458D4BA
IE6161F1A,bo,Rigdzin Nyima Drakpa,https://github.com/OpenPecha-Data/IE6161F1A
I1EB4EEE0,en,Rogza Sönam Palge,https://github.com/OpenPecha-Data/I1EB4EEE0
IBEFF795D,bo,Rogza Sönam Palge,https://github.com/OpenPecha-Data/IBEFF795D
IDA9D0095,en,Rongtön Sheja Künrig Series,https://github.com/OpenPecha-Data/IDA9D0095
I609244AA,es,Rongtön Sheja Künrig Series,https://github.com/OpenPecha-Data/I609244AA
I03909CE5,fr,Rongtön Sheja Künrig Series,https://github.com/OpenPecha-Data/I03909CE5
I4FA3A054,pt,Rongtön Sheja Künrig Series,https://github.com/OpenPecha-Data/I4FA3A054
I22562FA1,bo,Rongtön Sheja Künrig Series,https://github.com/OpenPecha-Data/I22562FA1
I339F6C9F,en,Rongzom Chökyi Zangpo,https://github.com/OpenPecha-Data/I339F6C9F
I9549C93D,fr,Rongzom Chökyi Zangpo,https://github.com/OpenPecha-Data/I9549C93D
I79309A5F,bo,Rongzom Chökyi Zangpo,https://github.com/OpenPecha-Data/I79309A5F
I96A27AAA,en,Sachen Kunga Nyingpo,https://github.com/OpenPecha-Data/I96A27AAA
I0090966D,de,Sachen Kunga Nyingpo,https://github.com/OpenPecha-Data/I0090966D
I0CE14611,es,Sachen Kunga Nyingpo,https://github.com/OpenPecha-Data/I0CE14611
I8354FD51,fr,Sachen Kunga Nyingpo,https://github.com/OpenPecha-Data/I8354FD51
I1EE7775C,bo,Sachen Kunga Nyingpo,https://github.com/OpenPecha-Data/I1EE7775C
IF88EAC44,en,Sakya Paṇḍita Series,https://github.com/OpenPecha-Data/IF88EAC44
I3E6F7984,es,Sakya Paṇḍita Series,https://github.com/OpenPecha-Data/I3E6F7984
IACD42A20,fr,Sakya Paṇḍita Series,https://github.com/OpenPecha-Data/IACD42A20
I5205E87E,it,Sakya Paṇḍita Series,https://github.com/OpenPecha-Data/I5205E87E
I0AA127F6,pt,Sakya Paṇḍita Series,https://github.com/OpenPecha-Data/I0AA127F6
I5CAE3B33,bo,Sakya Paṇḍita Series,https://github.com/OpenPecha-Data/I5CAE3B33
IA109F454,en,Sakya Trichen,https://github.com/OpenPecha-Data/IA109F454
I489988B4,de,Sakya Trichen,https://github.com/OpenPecha-Data/I489988B4
I3A0A4A6E,es,Sakya Trichen,https://github.com/OpenPecha-Data/I3A0A4A6E
IECAE81BA,fr,Sakya Trichen,https://github.com/OpenPecha-Data/IECAE81BA
I5E2B78D4,it,Sakya Trichen,https://github.com/OpenPecha-Data/I5E2B78D4
I9F3AA016,nl,Sakya Trichen,https://github.com/OpenPecha-Data/I9F3AA016
I188F564F,bo,Sakya Trichen,https://github.com/OpenPecha-Data/I188F564F
IC2422BC6,en,Samten Lingpa Series,https://github.com/OpenPecha-Data/IC2422BC6
IEB70FEEB,bo,Samten Lingpa Series,https://github.com/OpenPecha-Data/IEB70FEEB
IB1B4CD8F,en,Sera Khandro Series,https://github.com/OpenPecha-Data/IB1B4CD8F
IB05E780E,pt,Sera Khandro Series,https://github.com/OpenPecha-Data/IB05E780E
IAFE2AE44,en,Seventh Dalai Lama Series,https://github.com/OpenPecha-Data/IAFE2AE44
I24328B2C,bo,Seventh Dalai Lama Series,https://github.com/OpenPecha-Data/I24328B2C
IBD077552,en,Shabkar Tsokdruk Rangdrol Series,https://github.com/OpenPecha-Data/IBD077552
I0426719C,de,Shabkar Tsokdruk Rangdrol Series,https://github.com/OpenPecha-Data/I0426719C
IB0DC1D25,es,Shabkar Tsokdruk Rangdrol Series,https://github.com/OpenPecha-Data/IB0DC1D25
I4421FABC,fr,Shabkar Tsokdruk Rangdrol Series,https://github.com/OpenPecha-Data/I4421FABC
I5855260C,pt,Shabkar Tsokdruk Rangdrol Series,https://github.com/OpenPecha-Data/I5855260C
I070D7078,bo,Shabkar Tsokdruk Rangdrol Series,https://github.com/OpenPecha-Data/I070D7078
IFE7FBA6C,en,Shakya Shri Series,https://github.com/OpenPecha-Data/IFE7FBA6C
I85897CB1,zh,Shakya Shri Series,https://github.com/OpenPecha-Data/I85897CB1
I8AEBBED4,bo,Shakya Shri Series,https://github.com/OpenPecha-Data/I8AEBBED4
I94BB1338,en,Shamar Chökyi Wangchuk,https://github.com/OpenPecha-Data/I94BB1338
IFD41F742,pt,Shamar Chökyi Wangchuk,https://github.com/OpenPecha-Data/IFD41F742
IB8673735,bo,Shamar Chökyi Wangchuk,https://github.com/OpenPecha-Data/IB8673735
IB4474BFB,en,Shechen Gyaltsab Gyurme Pema Namgyal,https://github.com/OpenPecha-Data/IB4474BFB
I9A29BF30,de,Shechen Gyaltsab Gyurme Pema Namgyal,https://github.com/OpenPecha-Data/I9A29BF30
I4414401B,fr,Shechen Gyaltsab Gyurme Pema Namgyal,https://github.com/OpenPecha-Data/I4414401B
I71D487BB,it,Shechen Gyaltsab Gyurme Pema Namgyal,https://github.com/OpenPecha-Data/I71D487BB
I048A0627,pt,Shechen Gyaltsab Gyurme Pema Namgyal,https://github.com/OpenPecha-Data/I048A0627
IDBC9FD3F,zh,Shechen Gyaltsab Gyurme Pema Namgyal,https://github.com/OpenPecha-Data/IDBC9FD3F
ID9B9B3B6,bo,Shechen Gyaltsab Gyurme Pema Namgyal,https://github.com/OpenPecha-Data/ID9B9B3B6
I645B85B7,en,Shechen Kongtrul Series,https://github.com/OpenPecha-Data/I645B85B7
IECE42BC2,bo,Shechen Kongtrul Series,https://github.com/OpenPecha-Data/IECE42BC2
I4FDEE64F,en,Shechen Rabjam Rinpoche Series,https://github.com/OpenPecha-Data/I4FDEE64F
IE9088761,de,Shechen Rabjam Rinpoche Series,https://github.com/OpenPecha-Data/IE9088761
I04AB01FE,fr,Shechen Rabjam Rinpoche Series,https://github.com/OpenPecha-Data/I04AB01FE
I4448CE58,it,Shechen Rabjam Rinpoche Series,https://github.com/OpenPecha-Data/I4448CE58
IC25D6CCF,pt,Shechen Rabjam Rinpoche Series,https://github.com/OpenPecha-Data/IC25D6CCF
IC9224D12,bo,Shechen Rabjam Rinpoche Series,https://github.com/OpenPecha-Data/IC9224D12
I69BDD1D8,en,Sherab Özer Series,https://github.com/OpenPecha-Data/I69BDD1D8
ID83D6C34,bo,Sherab Özer Series,https://github.com/OpenPecha-Data/ID83D6C34
I275D7AA0,en,Shikpo Lingpa Series,https://github.com/OpenPecha-Data/I275D7AA0
I91776E91,bo,Shikpo Lingpa Series,https://github.com/OpenPecha-Data/I91776E91
I7F248421,en,Situ Paṇchen Series,https://github.com/OpenPecha-Data/I7F248421
I14B72F1A,zh,Situ Paṇchen Series,https://github.com/OpenPecha-Data/I14B72F1A
I67905B90,bo,Situ Paṇchen Series,https://github.com/OpenPecha-Data/I67905B90
IEC382DA7,en,Situ Pema Nyinjé Wangpo,https://github.com/OpenPecha-Data/IEC382DA7
IFFC435C4,bo,Situ Pema Nyinjé Wangpo,https://github.com/OpenPecha-Data/IFFC435C4
I57E14758,en,Sixteenth Karmapa Series,https://github.com/OpenPecha-Data/I57E14758
IA47F0F0B,bo,Sixteenth Karmapa Series,https://github.com/OpenPecha-Data/IA47F0F0B
I509E4C1A,en,Songtsen Gampo Series,https://github.com/OpenPecha-Data/I509E4C1A
I434489CC,bo,Songtsen Gampo Series,https://github.com/OpenPecha-Data/I434489CC
I0096844C,en,Tamdrin Gönpo Series,https://github.com/OpenPecha-Data/I0096844C
IBD8ADA5A,bo,Tamdrin Gönpo Series,https://github.com/OpenPecha-Data/IBD8ADA5A
I22DA7E71,en,Tāranātha Series,https://github.com/OpenPecha-Data/I22DA7E71
IDE2920E6,bo,Tāranātha Series,https://github.com/OpenPecha-Data/IDE2920E6
I2C4ADE4D,en,Tarthang Tulku,https://github.com/OpenPecha-Data/I2C4ADE4D
I1BF17E71,bo,Tarthang Tulku,https://github.com/OpenPecha-Data/I1BF17E71
I376FDD71,en,Tashi Tobgyal,https://github.com/OpenPecha-Data/I376FDD71
ICE04F094,bo,Tashi Tobgyal,https://github.com/OpenPecha-Data/ICE04F094
I4A6DAAB7,en,Tenth Paṇchen Lama Series,https://github.com/OpenPecha-Data/I4A6DAAB7
I5DAC8DBA,bo,Tenth Paṇchen Lama Series,https://github.com/OpenPecha-Data/I5DAC8DBA
I090F1902,en,Tenth Pawo Rinpoche Series,https://github.com/OpenPecha-Data/I090F1902
I5AF5DD30,bo,Tenth Pawo Rinpoche Series,https://github.com/OpenPecha-Data/I5AF5DD30
IEAADE7FA,en,Tertön Mingyur Dorje Series,https://github.com/OpenPecha-Data/IEAADE7FA
I748E7474,de,Tertön Mingyur Dorje Series,https://github.com/OpenPecha-Data/I748E7474
IC9621A9A,es,Tertön Mingyur Dorje Series,https://github.com/OpenPecha-Data/IC9621A9A
I377CB81A,fr,Tertön Mingyur Dorje Series,https://github.com/OpenPecha-Data/I377CB81A
IB2FBE9CE,it,Tertön Mingyur Dorje Series,https://github.com/OpenPecha-Data/IB2FBE9CE
IA00FAC29,nl,Tertön Mingyur Dorje Series,https://github.com/OpenPecha-Data/IA00FAC29
IAD698CAD,pt,Tertön Mingyur Dorje Series,https://github.com/OpenPecha-Data/IAD698CAD
IA47F7BCF,bo,Tertön Mingyur Dorje Series,https://github.com/OpenPecha-Data/IA47F7BCF
ID0AD6A66,en,Tertön Sogyal Series,https://github.com/OpenPecha-Data/ID0AD6A66
IB4C3EBD7,de,Tertön Sogyal Series,https://github.com/OpenPecha-Data/IB4C3EBD7
ICDCF9466,es,Tertön Sogyal Series,https://github.com/OpenPecha-Data/ICDCF9466
IB7AA78A9,fr,Tertön Sogyal Series,https://github.com/OpenPecha-Data/IB7AA78A9
I1CDEEC5E,it,Tertön Sogyal Series,https://github.com/OpenPecha-Data/I1CDEEC5E
IF924319E,pt,Tertön Sogyal Series,https://github.com/OpenPecha-Data/IF924319E
I43F3A78E,zh,Tertön Sogyal Series,https://github.com/OpenPecha-Data/I43F3A78E
I1E46FBF4,bo,Tertön Sogyal Series,https://github.com/OpenPecha-Data/I1E46FBF4
ICC2456B0,en,Thangtong Gyalpo Series,https://github.com/OpenPecha-Data/ICC2456B0
I95E3359B,de,Thangtong Gyalpo Series,https://github.com/OpenPecha-Data/I95E3359B
IA1215B39,es,Thangtong Gyalpo Series,https://github.com/OpenPecha-Data/IA1215B39
IB29CC5B9,fr,Thangtong Gyalpo Series,https://github.com/OpenPecha-Data/IB29CC5B9
I192865D8,it,Thangtong Gyalpo Series,https://github.com/OpenPecha-Data/I192865D8
IE9C7CFF7,pt,Thangtong Gyalpo Series,https://github.com/OpenPecha-Data/IE9C7CFF7
I49F957FF,bo,Thangtong Gyalpo Series,https://github.com/OpenPecha-Data/I49F957FF
I79D60080,en,Thinley Norbu Rinpoche,https://github.com/OpenPecha-Data/I79D60080
IEE291C52,bo,Thinley Norbu Rinpoche,https://github.com/OpenPecha-Data/IEE291C52
I58BDB040,en,Third Karmapa Series,https://github.com/OpenPecha-Data/I58BDB040
IA1B87B2B,pt,Third Karmapa Series,https://github.com/OpenPecha-Data/IA1B87B2B
I14D5D1E4,bo,Third Karmapa Series,https://github.com/OpenPecha-Data/I14D5D1E4
I344B4925,en,Thirteenth Dalai Lama Series,https://github.com/OpenPecha-Data/I344B4925
I04DA4DA1,fr,Thirteenth Dalai Lama Series,https://github.com/OpenPecha-Data/I04DA4DA1
I98CE9CD6,pt,Thirteenth Dalai Lama Series,https://github.com/OpenPecha-Data/I98CE9CD6
I1F2422D2,bo,Thirteenth Dalai Lama Series,https://github.com/OpenPecha-Data/I1F2422D2
IDC22CD94,en,Thönmi Sambhoṭa Series,https://github.com/OpenPecha-Data/IDC22CD94
I21BC2BE9,bo,Thönmi Sambhoṭa Series,https://github.com/OpenPecha-Data/I21BC2BE9
I44500A04,en,Tra Gelong Tsultrim Dargye,https://github.com/OpenPecha-Data/I44500A04
ID3BD4A64,bo,Tra Gelong Tsultrim Dargye,https://github.com/OpenPecha-Data/ID3BD4A64
I8D9D4180,en,Tri Songdetsen Series,https://github.com/OpenPecha-Data/I8D9D4180
I0BC82000,bo,Tri Songdetsen Series,https://github.com/OpenPecha-Data/I0BC82000
ID18CCE51,en,Trulshik Dongak Lingpa Series,https://github.com/OpenPecha-Data/ID18CCE51
IC88012CD,de,Trulshik Dongak Lingpa Series,https://github.com/OpenPecha-Data/IC88012CD
I6EB5E06D,es,Trulshik Dongak Lingpa Series,https://github.com/OpenPecha-Data/I6EB5E06D
ID4486D86,fr,Trulshik Dongak Lingpa Series,https://github.com/OpenPecha-Data/ID4486D86
I252AC92D,it,Trulshik Dongak Lingpa Series,https://github.com/OpenPecha-Data/I252AC92D
IA469E4A3,nl,Trulshik Dongak Lingpa Series,https://github.com/OpenPecha-Data/IA469E4A3
I7BBBEF3C,bo,Trulshik Dongak Lingpa Series,https://github.com/OpenPecha-Data/I7BBBEF3C
I0C9FC28F,en,Trulshik Rinpoche Series,https://github.com/OpenPecha-Data/I0C9FC28F
I6554420E,de,Trulshik Rinpoche Series,https://github.com/OpenPecha-Data/I6554420E
IEA4233C0,es,Trulshik Rinpoche Series,https://github.com/OpenPecha-Data/IEA4233C0
I5FAD7B31,fr,Trulshik Rinpoche Series,https://github.com/OpenPecha-Data/I5FAD7B31
IE467BB72,it,Trulshik Rinpoche Series,https://github.com/OpenPecha-Data/IE467BB72
IA802C256,nl,Trulshik Rinpoche Series,https://github.com/OpenPecha-Data/IA802C256
I585CBEB3,pt,Trulshik Rinpoche Series,https://github.com/OpenPecha-Data/I585CBEB3
IC2A0233D,zh,Trulshik Rinpoche Series,https://github.com/OpenPecha-Data/IC2A0233D
ICF402925,bo,Trulshik Rinpoche Series,https://github.com/OpenPecha-Data/ICF402925
I9CD8646A,en,Tsangpa Gyare Yeshe Dorje,https://github.com/OpenPecha-Data/I9CD8646A
I84C730A1,bo,Tsangpa Gyare Yeshe Dorje,https://github.com/OpenPecha-Data/I84C730A1
I0411E0D7,en,Tsarchen Losal Gyatso,https://github.com/OpenPecha-Data/I0411E0D7
I6ABF89B7,bo,Tsarchen Losal Gyatso,https://github.com/OpenPecha-Data/I6ABF89B7
ID4D44ADA,en,Tsele Natsok Rangdrol Series,https://github.com/OpenPecha-Data/ID4D44ADA
IA00274D8,bo,Tsele Natsok Rangdrol Series,https://github.com/OpenPecha-Data/IA00274D8
I4C85B4AF,en,Tsongkhapa Lobzang Drakpa Series,https://github.com/OpenPecha-Data/I4C85B4AF
I99EED9D1,de,Tsongkhapa Lobzang Drakpa Series,https://github.com/OpenPecha-Data/I99EED9D1
I1B9E8436,es,Tsongkhapa Lobzang Drakpa Series,https://github.com/OpenPecha-Data/I1B9E8436
I04609035,fr,Tsongkhapa Lobzang Drakpa Series,https://github.com/OpenPecha-Data/I04609035
IFD7CF250,it,Tsongkhapa Lobzang Drakpa Series,https://github.com/OpenPecha-Data/IFD7CF250
I05A24507,pt,Tsongkhapa Lobzang Drakpa Series,https://github.com/OpenPecha-Data/I05A24507
IE19BE9AE,bo,Tsongkhapa Lobzang Drakpa Series,https://github.com/OpenPecha-Data/IE19BE9AE
I34D9F8F9,en,Tsultrim Zangpo,https://github.com/OpenPecha-Data/I34D9F8F9
I4B482257,zh,Tsultrim Zangpo,https://github.com/OpenPecha-Data/I4B482257
IC326670C,bo,Tsultrim Zangpo,https://github.com/OpenPecha-Data/IC326670C
IED0131C1,en,Tulku Rigdzin Pema,https://github.com/OpenPecha-Data/IED0131C1
I490E8832,bo,Tulku Rigdzin Pema,https://github.com/OpenPecha-Data/I490E8832
I1F9D7B77,en,Tulku Thondup,https://github.com/OpenPecha-Data/I1F9D7B77
I32F33863,fr,Tulku Thondup,https://github.com/OpenPecha-Data/I32F33863
I866B40D4,bo,Tulku Thondup,https://github.com/OpenPecha-Data/I866B40D4
ID040BA04,en,Tulku Urgyen Rinpoche,https://github.com/OpenPecha-Data/ID040BA04
I6A777F9A,bo,Tulku Urgyen Rinpoche,https://github.com/OpenPecha-Data/I6A777F9A
I00671F68,en,Tulku Zangpo Drakpa,https://github.com/OpenPecha-Data/I00671F68
I44F5C707,de,Tulku Zangpo Drakpa,https://github.com/OpenPecha-Data/I44F5C707
I55DAA796,fr,Tulku Zangpo Drakpa,https://github.com/OpenPecha-Data/I55DAA796
I51D45E39,bo,Tulku Zangpo Drakpa,https://github.com/OpenPecha-Data/I51D45E39
IBCD29834,en,Tupten Chöpel,https://github.com/OpenPecha-Data/IBCD29834
ICAFF22C9,zh,Tupten Chöpel,https://github.com/OpenPecha-Data/ICAFF22C9
IC1967B81,bo,Tupten Chöpel,https://github.com/OpenPecha-Data/IC1967B81
IA3EF389F,en,Vairotsana Series,https://github.com/OpenPecha-Data/IA3EF389F
I48C5CA50,bo,Vairotsana Series,https://github.com/OpenPecha-Data/I48C5CA50
I88CDBD58,en,Yangchen Drubpe Dorje Series,https://github.com/OpenPecha-Data/I88CDBD58
I2F7F2832,bo,Yangchen Drubpe Dorje Series,https://github.com/OpenPecha-Data/I2F7F2832
I01BBF3B6,en,Yangthang Rinpoche Series,https://github.com/OpenPecha-Data/I01BBF3B6
IFD13DDCB,de,Yangthang Rinpoche Series,https://github.com/OpenPecha-Data/IFD13DDCB
IFAAD7A7F,fr,Yangthang Rinpoche Series,https://github.com/OpenPecha-Data/IFAAD7A7F
IA4637858,zh,Yangthang Rinpoche Series,https://github.com/OpenPecha-Data/IA4637858
ID22D704E,bo,Yangthang Rinpoche Series,https://github.com/OpenPecha-Data/ID22D704E
I93995979,en,Yeshe Dorje,https://github.com/OpenPecha-Data/I93995979
I7059EB13,bo,Yeshe Dorje,https://github.com/OpenPecha-Data/I7059EB13
I765CF86B,en,Yeshe Tsogyal Series,https://github.com/OpenPecha-Data/I765CF86B
IF08A0BCF,de,Yeshe Tsogyal Series,https://github.com/OpenPecha-Data/IF08A0BCF
I40C090A4,es,Yeshe Tsogyal Series,https://github.com/OpenPecha-Data/I40C090A4
I7EB5541D,fr,Yeshe Tsogyal Series,https://github.com/OpenPecha-Data/I7EB5541D
I3F749F1E,it,Yeshe Tsogyal Series,https://github.com/OpenPecha-Data/I3F749F1E
I953E9799,nl,Yeshe Tsogyal Series,https://github.com/OpenPecha-Data/I953E9799
I7ECB15AD,pt,Yeshe Tsogyal Series,https://github.com/OpenPecha-Data/I7ECB15AD
I64800606,zh,Yeshe Tsogyal Series,https://github.com/OpenPecha-Data/I64800606
I9A6AF47F,bo,Yeshe Tsogyal Series,https://github.com/OpenPecha-Data/I9A6AF47F
IFB283BBB,en,Yukhok Chöying Rangdrol Series,https://github.com/OpenPecha-Data/IFB283BBB
I3DC1BF43,de,Yukhok Chöying Rangdrol Series,https://github.com/OpenPecha-Data/I3DC1BF43
I1C154654,fr,Yukhok Chöying Rangdrol Series,https://github.com/OpenPecha-Data/I1C154654
I4351A478,pt,Yukhok Chöying Rangdrol Series,https://github.com/OpenPecha-Data/I4351A478
I4DB74012,zh,Yukhok Chöying Rangdrol Series,https://github.com/OpenPecha-Data/I4DB74012
I2C575D1D,bo,Yukhok Chöying Rangdrol Series,https://github.com/OpenPecha-Data/I2C575D1D
I69C05F35,en,Words of the Buddha,https://github.com/OpenPecha-Data/I69C05F35
I318AB7B4,de,Words of the Buddha,https://github.com/OpenPecha-Data/I318AB7B4
I8A4DAFB6,es,Words of the Buddha,https://github.com/OpenPecha-Data/I8A4DAFB6
ID66DE09B,fr,Words of the Buddha,https://github.com/OpenPecha-Data/ID66DE09B
I283DD726,it,Words of the Buddha,https://github.com/OpenPecha-Data/I283DD726
ID7900D0C,pt,Words of the Buddha,https://github.com/OpenPecha-Data/ID7900D0C
IABEEAAD4,zh,Words of the Buddha,https://github.com/OpenPecha-Data/IABEEAAD4
I50A8FBA1,bo,Words of the Buddha,https://github.com/OpenPecha-Data/I50A8FBA1
I0860E976,en,Āryaśūra Series,https://github.com/OpenPecha-Data/I0860E976
I01766614,de,Āryaśūra Series,https://github.com/OpenPecha-Data/I01766614
I262674B5,es,Āryaśūra Series,https://github.com/OpenPecha-Data/I262674B5
I202EE8F2,fr,Āryaśūra Series,https://github.com/OpenPecha-Data/I202EE8F2
I6A76FE76,it,Āryaśūra Series,https://github.com/OpenPecha-Data/I6A76FE76
ICCA60679,nl,Āryaśūra Series,https://github.com/OpenPecha-Data/ICCA60679
IC649C46C,bo,Āryaśūra Series,https://github.com/OpenPecha-Data/IC649C46C
I249E63E9,en,Aśvaghoṣa Series,https://github.com/OpenPecha-Data/I249E63E9
I5DBDD160,bo,Aśvaghoṣa Series,https://github.com/OpenPecha-Data/I5DBDD160
I876869D4,en,Atiśa Dīpaṃkara Series,https://github.com/OpenPecha-Data/I876869D4
I02EECECC,de,Atiśa Dīpaṃkara Series,https://github.com/OpenPecha-Data/I02EECECC
I2044B3FE,es,Atiśa Dīpaṃkara Series,https://github.com/OpenPecha-Data/I2044B3FE
I1673A3BF,fr,Atiśa Dīpaṃkara Series,https://github.com/OpenPecha-Data/I1673A3BF
I34ADE417,it,Atiśa Dīpaṃkara Series,https://github.com/OpenPecha-Data/I34ADE417
I0A12EA51,nl,Atiśa Dīpaṃkara Series,https://github.com/OpenPecha-Data/I0A12EA51
IAAC41932,pt,Atiśa Dīpaṃkara Series,https://github.com/OpenPecha-Data/IAAC41932
IAEA36EB6,bo,Atiśa Dīpaṃkara Series,https://github.com/OpenPecha-Data/IAEA36EB6
I9DA9144F,en,Buddha Śākyamuni,https://github.com/OpenPecha-Data/I9DA9144F
IB405544A,de,Buddha Śākyamuni,https://github.com/OpenPecha-Data/IB405544A
I2AF77F7D,es,Buddha Śākyamuni,https://github.com/OpenPecha-Data/I2AF77F7D
IFFD8F8FA,fr,Buddha Śākyamuni,https://github.com/OpenPecha-Data/IFFD8F8FA
IB86FA4EF,it,Buddha Śākyamuni,https://github.com/OpenPecha-Data/IB86FA4EF
I34D4D1DD,nl,Buddha Śākyamuni,https://github.com/OpenPecha-Data/I34D4D1DD
I6B9E75C3,bo,Buddha Śākyamuni,https://github.com/OpenPecha-Data/I6B9E75C3
IC7E22217,en,Buddhagupta,https://github.com/OpenPecha-Data/IC7E22217
I18244548,fr,Buddhagupta,https://github.com/OpenPecha-Data/I18244548
IB2B7D13D,pt,Buddhagupta,https://github.com/OpenPecha-Data/IB2B7D13D
I4BD9F852,bo,Buddhagupta,https://github.com/OpenPecha-Data/I4BD9F852
I3200CE3B,en,Candragomin Series,https://github.com/OpenPecha-Data/I3200CE3B
I5A450541,bo,Candragomin Series,https://github.com/OpenPecha-Data/I5A450541
I6DF3B87B,en,Candrakīrti Series,https://github.com/OpenPecha-Data/I6DF3B87B
ID0FFCE55,bo,Candrakīrti Series,https://github.com/OpenPecha-Data/ID0FFCE55
IBECEA84C,en,Dharmakīrti Series,https://github.com/OpenPecha-Data/IBECEA84C
I3842B14A,bo,Dharmakīrti Series,https://github.com/OpenPecha-Data/I3842B14A
I4722C592,en,Garab Dorje,https://github.com/OpenPecha-Data/I4722C592
I81D36A47,zh,Garab Dorje,https://github.com/OpenPecha-Data/I81D36A47
I332BF12A,bo,Garab Dorje,https://github.com/OpenPecha-Data/I332BF12A
I52F3F0A5,en,Haribhadra Series,https://github.com/OpenPecha-Data/I52F3F0A5
I791757A5,bo,Haribhadra Series,https://github.com/OpenPecha-Data/I791757A5
I7E5EB56E,en,Bhikṣuṇī Lakṣmī,https://github.com/OpenPecha-Data/I7E5EB56E
ID902AA9A,bo,Bhikṣuṇī Lakṣmī,https://github.com/OpenPecha-Data/ID902AA9A
I680A654B,en,Mandāravā Series,https://github.com/OpenPecha-Data/I680A654B
IC328D213,bo,Mandāravā Series,https://github.com/OpenPecha-Data/IC328D213
IA0493644,en,Mātṛcetra,https://github.com/OpenPecha-Data/IA0493644
IC19A54AC,bo,Mātṛcetra,https://github.com/OpenPecha-Data/IC19A54AC
I2225682D,en,Nāgārjuna,https://github.com/OpenPecha-Data/I2225682D
ID090D0DE,de,Nāgārjuna,https://github.com/OpenPecha-Data/ID090D0DE
IB59449B5,es,Nāgārjuna,https://github.com/OpenPecha-Data/IB59449B5
IBC119842,fr,Nāgārjuna,https://github.com/OpenPecha-Data/IBC119842
IAC4AC4BC,it,Nāgārjuna,https://github.com/OpenPecha-Data/IAC4AC4BC
IF7B71848,pt,Nāgārjuna,https://github.com/OpenPecha-Data/IF7B71848
IA7ABD739,bo,Nāgārjuna,https://github.com/OpenPecha-Data/IA7ABD739
IC31D3528,en,Nāropa,https://github.com/OpenPecha-Data/IC31D3528
ID244D410,bo,Nāropa,https://github.com/OpenPecha-Data/ID244D410
IAC5E3DED,en,Padampa Sangye,https://github.com/OpenPecha-Data/IAC5E3DED
I5AF53029,bo,Padampa Sangye,https://github.com/OpenPecha-Data/I5AF53029
I9AFFB560,en,Padmasambhava,https://github.com/OpenPecha-Data/I9AFFB560
I93489BEA,bo,Padmasambhava,https://github.com/OpenPecha-Data/I93489BEA
I443BF3AD,en,Kashmiri Śākyaśrībhadra,https://github.com/OpenPecha-Data/I443BF3AD
IFCD8F4C9,de,Kashmiri Śākyaśrībhadra,https://github.com/OpenPecha-Data/IFCD8F4C9
IC32629C4,es,Kashmiri Śākyaśrībhadra,https://github.com/OpenPecha-Data/IC32629C4
I3A825313,bo,Kashmiri Śākyaśrībhadra,https://github.com/OpenPecha-Data/I3A825313
I8DF24580,en,Śāntarakṣita,https://github.com/OpenPecha-Data/I8DF24580
I563F8C49,bo,Śāntarakṣita,https://github.com/OpenPecha-Data/I563F8C49
I982DC30C,en,Śāntideva Series,https://github.com/OpenPecha-Data/I982DC30C
I03553A57,de,Śāntideva Series,https://github.com/OpenPecha-Data/I03553A57
IA634ED82,es,Śāntideva Series,https://github.com/OpenPecha-Data/IA634ED82
I73492572,fr,Śāntideva Series,https://github.com/OpenPecha-Data/I73492572
IE4167195,pt,Śāntideva Series,https://github.com/OpenPecha-Data/IE4167195
I47BB61B8,bo,Śāntideva Series,https://github.com/OpenPecha-Data/I47BB61B8
I4CFE910E,en,Śāntigarbha,https://github.com/OpenPecha-Data/I4CFE910E
I3C441DEE,bo,Śāntigarbha,https://github.com/OpenPecha-Data/I3C441DEE
I94A937EA,en,Śavari,https://github.com/OpenPecha-Data/I94A937EA
I4A894A84,bo,Śavari,https://github.com/OpenPecha-Data/I4A894A84
IF0723E24,en,Smṛtijñānakīrti,https://github.com/OpenPecha-Data/IF0723E24
I8A157224,bo,Smṛtijñānakīrti,https://github.com/OpenPecha-Data/I8A157224
I97FDF594,en,Śrī Siṃha,https://github.com/OpenPecha-Data/I97FDF594
IEE5466ED,bo,Śrī Siṃha,https://github.com/OpenPecha-Data/IEE5466ED
IF99A2BA5,en,Tilopa,https://github.com/OpenPecha-Data/IF99A2BA5
I1D5111E8,zh,Tilopa,https://github.com/OpenPecha-Data/I1D5111E8
I91691859,bo,Tilopa,https://github.com/OpenPecha-Data/I91691859
IEABB2A00,en,Vajrāyudha,https://github.com/OpenPecha-Data/IEABB2A00
I4B56BE43,de,Vajrāyudha,https://github.com/OpenPecha-Data/I4B56BE43
IC858DC42,es,Vajrāyudha,https://github.com/OpenPecha-Data/IC858DC42
I0BC8CDF2,fr,Vajrāyudha,https://github.com/OpenPecha-Data/I0BC8CDF2
I8DB41D48,nl,Vajrāyudha,https://github.com/OpenPecha-Data/I8DB41D48
I8A11B1D8,bo,Vajrāyudha,https://github.com/OpenPecha-Data/I8A11B1D8
I643FB674,en,Vasubandhu,https://github.com/OpenPecha-Data/I643FB674
ID1471576,bo,Vasubandhu,https://github.com/OpenPecha-Data/ID1471576
IB28EEDF1,en,Vimalamitra,https://github.com/OpenPecha-Data/IB28EEDF1
IBF4C4252,bo,Vimalamitra,https://github.com/OpenPecha-Data/IBF4C4252
IC1F9A483,en,Virūpa,https://github.com/OpenPecha-Data/IC1F9A483
I5554CC9C,bo,Virūpa,https://github.com/OpenPecha-Data/I5554CC9C
IE3E47536,en,Abhidharma Series,https://github.com/OpenPecha-Data/IE3E47536
I22886664,fr,Abhidharma Series,https://github.com/OpenPecha-Data/I22886664
IFA9095D3,bo,Abhidharma Series,https://github.com/OpenPecha-Data/IFA9095D3
I651DF141,en,Abhidharmakośa Series,https://github.com/OpenPecha-Data/I651DF141
I5E2FE5D7,fr,Abhidharmakośa Series,https://github.com/OpenPecha-Data/I5E2FE5D7
I74674498,bo,Abhidharmakośa Series,https://github.com/OpenPecha-Data/I74674498
I097835F9,en,Abhisamayālaṃkāra Series,https://github.com/OpenPecha-Data/I097835F9
I20617ADD,es,Abhisamayālaṃkāra Series,https://github.com/OpenPecha-Data/I20617ADD
I676A96D3,bo,Abhisamayālaṃkāra Series,https://github.com/OpenPecha-Data/I676A96D3
I80CBA1E0,en,Acala Series,https://github.com/OpenPecha-Data/I80CBA1E0
I48DE5E6D,bo,Acala Series,https://github.com/OpenPecha-Data/I48DE5E6D
I0C3808E9,en,Acrostic Series,https://github.com/OpenPecha-Data/I0C3808E9
I040F8663,de,Acrostic Series,https://github.com/OpenPecha-Data/I040F8663
IAB2202A2,fr,Acrostic Series,https://github.com/OpenPecha-Data/IAB2202A2
I44B4022D,bo,Acrostic Series,https://github.com/OpenPecha-Data/I44B4022D
IA8FD8B90,en,Advice Series,https://github.com/OpenPecha-Data/IA8FD8B90
I6F464147,de,Advice Series,https://github.com/OpenPecha-Data/I6F464147
I31DD5A79,es,Advice Series,https://github.com/OpenPecha-Data/I31DD5A79
IB959D1D0,fr,Advice Series,https://github.com/OpenPecha-Data/IB959D1D0
I420C0732,it,Advice Series,https://github.com/OpenPecha-Data/I420C0732
I6A28CC9C,pt,Advice Series,https://github.com/OpenPecha-Data/I6A28CC9C
I484F8948,zh,Advice Series,https://github.com/OpenPecha-Data/I484F8948
IF149BF6A,bo,Advice Series,https://github.com/OpenPecha-Data/IF149BF6A
I469211FF,en,Akṣobhya Series,https://github.com/OpenPecha-Data/I469211FF
IB3111941,bo,Akṣobhya Series,https://github.com/OpenPecha-Data/IB3111941
I07C8470F,en,Amitābha and Sukhāvatī Series,https://github.com/OpenPecha-Data/I07C8470F
I5E262287,de,Amitābha and Sukhāvatī Series,https://github.com/OpenPecha-Data/I5E262287
IA1CA500A,es,Amitābha and Sukhāvatī Series,https://github.com/OpenPecha-Data/IA1CA500A
IBEDBB379,fr,Amitābha and Sukhāvatī Series,https://github.com/OpenPecha-Data/IBEDBB379
IFB4C0190,it,Amitābha and Sukhāvatī Series,https://github.com/OpenPecha-Data/IFB4C0190
I8B8F4DBA,nl,Amitābha and Sukhāvatī Series,https://github.com/OpenPecha-Data/I8B8F4DBA
ID776D4ED,pt,Amitābha and Sukhāvatī Series,https://github.com/OpenPecha-Data/ID776D4ED
IA8E6B454,zh,Amitābha and Sukhāvatī Series,https://github.com/OpenPecha-Data/IA8E6B454
I13151461,bo,Amitābha and Sukhāvatī Series,https://github.com/OpenPecha-Data/I13151461
I647FB5F9,en,Amitāyus Series,https://github.com/OpenPecha-Data/I647FB5F9
IBF015FB1,de,Amitāyus Series,https://github.com/OpenPecha-Data/IBF015FB1
IBA7D4265,fr,Amitāyus Series,https://github.com/OpenPecha-Data/IBA7D4265
IDD7C7944,bo,Amitāyus Series,https://github.com/OpenPecha-Data/IDD7C7944
IC62B8C44,en,Arts and Crafts Series,https://github.com/OpenPecha-Data/IC62B8C44
I72F063F4,bo,Arts and Crafts Series,https://github.com/OpenPecha-Data/I72F063F4
IDFE38DD8,en,Aspiration Prayers,https://github.com/OpenPecha-Data/IDFE38DD8
IDB311784,de,Aspiration Prayers,https://github.com/OpenPecha-Data/IDB311784
I91FF794E,es,Aspiration Prayers,https://github.com/OpenPecha-Data/I91FF794E
I8FFF80F8,fr,Aspiration Prayers,https://github.com/OpenPecha-Data/I8FFF80F8
I8EF22322,it,Aspiration Prayers,https://github.com/OpenPecha-Data/I8EF22322
ID45FAEA5,nl,Aspiration Prayers,https://github.com/OpenPecha-Data/ID45FAEA5
I84C5DC5C,pt,Aspiration Prayers,https://github.com/OpenPecha-Data/I84C5DC5C
ID1A41B10,zh,Aspiration Prayers,https://github.com/OpenPecha-Data/ID1A41B10
I49C77549,bo,Aspiration Prayers,https://github.com/OpenPecha-Data/I49C77549
I37391A93,en,Astrology Series,https://github.com/OpenPecha-Data/I37391A93
IB9F509C5,pt,Astrology Series,https://github.com/OpenPecha-Data/IB9F509C5
I24A9B230,bo,Astrology Series,https://github.com/OpenPecha-Data/I24A9B230
I5CEE1538,en,Auspiciousness Series,https://github.com/OpenPecha-Data/I5CEE1538
I04873C28,de,Auspiciousness Series,https://github.com/OpenPecha-Data/I04873C28
IB03B2C2F,es,Auspiciousness Series,https://github.com/OpenPecha-Data/IB03B2C2F
I001870B0,fr,Auspiciousness Series,https://github.com/OpenPecha-Data/I001870B0
IDD8FBBB6,pt,Auspiciousness Series,https://github.com/OpenPecha-Data/IDD8FBBB6
I4E33E9A8,zh,Auspiciousness Series,https://github.com/OpenPecha-Data/I4E33E9A8
I0BD1B388,bo,Auspiciousness Series,https://github.com/OpenPecha-Data/I0BD1B388
